Uno,Happy,Angry,Surprise,Sad,Fear,emotion
8DE44491-7F68-4A9D-BFF8-B1C06902B72B,0.085,0.02,0.135,0.31,0.45,fear
F6B152BD-6485-4B31-AAB1-333C06C113F6,0.09000000000000001,0.0,0.09,0.195,0.625,fear
38975E63-6962-417F-A450-FD82F0B2F068,0.025,0.09,0.21000000000000002,0.20500000000000002,0.48,fear
4F48E5EC-951B-4DA6-90BD-4B9B06D89DE5,0.1,0.0,0.045,0.0,0.855,fear
4DF52530-849F-4A12-810A-5B165677F6C6,0.175,0.015,0.175,0.12000000000000001,0.51,fear
2992C41A-E746-49A6-A8C2-79A216F3DBCB,0.065,0.02,0.245,0.145,0.52,fear
96332931-3304-4055-A851-43366C1168FF,0.21,0.03,0.14,0.17,0.45,fear
F9642401-CD9D-41B7-8D88-169747AA9BCA,0.06,0.06,0.0,0.5,0.375,sad
47E3957D-2B9F-4F8B-A6BB-D877C5A0E3F4,0.02,0.02,0.13,0.33666666666666667,0.48999999999999994,fear
B31045C0-91BA-46F9-B5DD-855321ED46CE,0.18833333333333332,0.008333333333333333,0.09499999999999999,0.18333333333333335,0.5233333333333333,fear
CEFEB3B1-5B8A-4784-887B-18FE83A4F27D,0.12,0.03,0.225,0.275,0.35,fear
B5807022-3E18-490F-B8EE-BF52C1F1A3C8,0.08,0.03,0.1,0.18,0.62,fear
11F316A5-4EEB-4AB5-B57D-0CB66C88C44D,0.22,0.115,0.17,0.085,0.405,fear
263B5FE3-D374-490B-8579-1E27C5FE3F95,0.175,0.015,0.2,0.11000000000000001,0.495,fear
F97B00FD-7E94-4C13-97A1-43058AA761D9,0.12,0.015,0.07,0.085,0.205,fear
C46A89FC-847C-4BD1-B30F-800185122BB0,0.0,0.25,0.0,0.25,0.5,fear
1EC3C3D4-A550-406A-AA99-623B3F3BF5CD,0.5,0.0,0.0,0.0,0.5,happy
911B2867-6D1F-4FAA-88A2-BDCF37A2A8EE,0.035,0.2,0.40499999999999997,0.07,0.285,surprise
BE47F0E2-82F0-4B0C-98DA-3E89FB733B83,0.16,0.05,0.10500000000000001,0.29,0.39,fear
B59EDA8F-9F09-4E4E-88CE-D8C48F6B1918,0.2,0.0,0.04,0.305,0.45999999999999996,fear
DEAE0309-0E24-4799-A143-83BEFA5DA538,0.16999999999999998,0.0,0.045,0.21000000000000002,0.575,fear
E5823DC3-92C7-4BFE-AD62-E29FB2411AF6,0.0,0.0,0.0,0.0,1.0,fear
B27F8EA7-6B88-46CE-9C54-A8CCCE7431AD,0.16999999999999998,0.015,0.27,0.25,0.29000000000000004,fear
82E82672-AB7E-4112-9528-225A65E87E8B,0.12,0.015,0.085,0.165,0.615,fear
B90EEFBB-D4AA-40D5-8740-DD958CF5DC7A,0.205,0.01,0.045,0.35,0.39,fear
1DA993C3-BB61-4707-BBB5-AD62A309CD60,0.13333333333333333,0.016666666666666666,0.14666666666666667,0.20333333333333334,0.49666666666666665,fear
8A0C02DB-14CD-4863-A9C6-DE4C5AB9243E,0.095,0.035,0.085,0.26,0.515,fear
9C3130EB-F301-4EE9-8BC6-B08C8C7F1B74,0.0,0.0,0.0,0.0,1.0,fear
6D1D0AFC-692D-4515-90F7-0A6D2527A02C,0.057999999999999996,0.098,0.036,0.10400000000000001,0.7020000000000001,fear
59980B0B-3C97-44EE-8E08-D3583029840E,0.09,0.02,0.075,0.26,0.5549999999999999,fear
6249AB63-C27C-4356-B01B-F0E5AA4859FF,0.09666666666666668,0.03666666666666667,0.14333333333333334,0.20666666666666667,0.5133333333333333,fear
C9B7E817-D169-4859-BE3A-D18479146300,0.08499999999999999,0.01,0.045,0.22,0.635,fear
491EE072-972B-40D3-B2B0-52CCFA15CB5A,0.085,0.015,0.07,0.585,0.24,sad
5BA4A59F-EDD0-4B80-ACC6-A540F26755CC,0.13,0.04,0.17,0.27,0.395,fear
32088297-1EF2-47EF-A66D-2EB6A62CCE7D,0.125,0.0,0.045,0.275,0.5549999999999999,fear
924683E8-D21A-448D-8729-FBAB4535C5C3,0.21000000000000002,0.0225,0.0975,0.2375,0.4325,fear
0ED07489-ADCA-458D-BF28-011858584512,0.04666666666666667,0.05666666666666667,0.13333333333333333,0.10333333333333335,0.6566666666666667,fear
BA686623-B537-4364-A836-199755E0D28F,0.085,0.015,0.15500000000000003,0.17,0.575,fear
29A56905-F3AC-45EB-8DFC-76B52CF4F954,0.0,0.0,0.125,0.19,0.69,fear
02126ACF-BB7B-46BD-856D-BC318A838E60,0.08666666666666667,0.016666666666666666,0.12666666666666668,0.13333333333333333,0.64,fear
9D1303BE-F4D8-4580-90A2-B432679A871B,0.0,0.0,0.22,0.33,0.44,fear
312E438D-9EC6-46BF-BD3C-7E506363312B,0.0,0.06,0.1,0.275,0.56,fear
46337CFE-3DE3-48A8-A32C-71FA504F2474,0.115,0.035,0.14,0.23,0.485,fear
09EA847B-2EB0-4AFA-8CA9-4991128CFA0D,0.13,0.03,0.07,0.19,0.575,fear
DB5538C1-42F5-4F56-90FD-C44DEE39DE5F,0.2333333333333333,0.016666666666666666,0.09666666666666666,0.3,0.35333333333333333,fear
EC76CD96-F3CE-4C80-AB4F-E262DAB7D743,0.09,0.02,0.07,0.09,0.73,fear
8D8C91CB-C05A-4E6C-A6F7-60B53C9FFD96,0.085,0.15999999999999998,0.355,0.085,0.31,surprise
11A0F51A-0E40-494F-A6D4-82F78E79B457,0.12,0.015,0.07,0.335,0.45499999999999996,fear
E2F5B044-03C3-4731-9EF9-5C4414090A10,0.22,0.06333333333333334,0.13,0.12333333333333334,0.45999999999999996,fear
A0B22724-CA89-420F-A33F-150B7E790C95,0.072,0.0,0.08399999999999999,0.192,0.654,fear
E844001F-83FF-4A89-8B14-AFD68850BF37,0.14500000000000002,0.015,0.13,0.14500000000000002,0.55,fear
9AE4994C-BCDC-4CD6-8923-21F77E2844C7,0.23,0.08,0.08,0.15,0.46,fear
0A4D7B24-8E59-4DAC-B233-A89D37A57925,0.2333333333333333,0.016666666666666666,0.09666666666666666,0.11333333333333334,0.5399999999999999,fear
B95E5E21-7F8A-4319-9F29-23BC3F562298,0.07166666666666667,0.0,0.065,0.245,0.4533333333333333,fear
BABE58A3-E50B-4107-B29C-AD25587A1E9B,0.026000000000000002,0.01,0.158,0.22199999999999998,0.38599999999999995,fear
EA78792D-CE2B-463C-8875-645F0A87A4F7,0.0,0.165,0.125,0.0,0.71,fear
BAE55AF1-5DFD-40DE-9088-DB20C43C51F5,0.1475,0.0125,0.065,0.0775,0.45,fear
2154C55B-1D54-4857-A71A-29DCB0634A53,0.1366666666666667,0.016666666666666666,0.09333333333333334,0.15,0.6,fear
8E4245FF-DEBC-4765-AF41-CEDED0AA8643,0.19666666666666666,0.016666666666666666,0.06,0.32666666666666666,0.39999999999999997,fear
42DF0C97-CC15-4707-A9D0-43DF97040C0A,0.17,0.0,0.33,0.33,0.17,surprise
E3A4977A-F71D-4E5C-8473-BE207DD07EF9,0.135,0.02,0.165,0.155,0.52,fear
A12CEBAF-3D4A-4E2B-B075-42B1234F004C,0.165,0.0,0.085,0.0,0.75,fear
2008CAAA-693A-49AA-9F49-1E380A543FF4,0.0,0.0,0.315,0.18,0.505,fear
D83408C6-46B0-4039-A4C4-7B08E47A8AD2,0.425,0.08499999999999999,0.045,0.085,0.36,happy
8FEF7A02-434D-4B09-85AB-7B63B338B5A4,0.3066666666666667,0.016666666666666666,0.06,0.18666666666666668,0.4266666666666667,fear
22E324E8-0482-4DFA-942B-F6F34DB721B4,0.075,0.015,0.07,0.1,0.74,fear
763F3D5B-DE56-454F-9D56-7E297667050C,0.2,0.0,0.0,0.345,0.45499999999999996,fear
C57D03CA-DCAE-455A-BD61-F5093E8E63E9,0.24333333333333332,0.016666666666666666,0.20333333333333334,0.12333333333333334,0.41333333333333333,fear
C97DF1B6-9773-49F6-94AA-A7B4087AACCA,0.0,0.08,0.0,0.0,0.92,fear
34A1EBC7-DBEA-4132-9B34-9AA3F806F690,0.0,0.0,0.0,1.0,0.0,sad
998C4C0B-DA0C-45FA-98CB-9E90A3001ECA,0.13,0.04,0.09000000000000001,0.2733333333333334,0.4666666666666666,fear
F5EE759E-E420-4082-9022-38B86CF7F78D,0.11000000000000001,0.008,0.028000000000000004,0.148,0.506,fear
67EFE825-B5C3-4D61-94E5-4F8F97416C66,0.29,0.0,0.0,0.14,0.57,fear
ED0F3074-7B9C-41F2-8B26-B4531EC367F5,0.155,0.015,0.20500000000000002,0.22000000000000003,0.405,fear
2964BC94-9812-45C6-B185-3AE61E02ED1D,0.2966666666666667,0.016666666666666666,0.09333333333333334,0.14333333333333334,0.45,fear
3D89C806-A418-4132-8C1B-A25A94B472E4,0.04,0.08,0.21,0.25,0.42,fear
C56C8D18-082E-43C2-BEDC-6B3F2D083024,0.15,0.0225,0.14250000000000002,0.060000000000000005,0.6225,fear
37EA2E83-F067-49F5-94B5-40A796B1CF2F,0.0,0.0,0.6,0.1,0.3,surprise
71B09C66-0B9D-4999-9295-B37B1ABFD1A3,0.0,0.0,0.0,0.0,1.0,fear
3B6898FC-C18A-4B16-9591-D1B23C85A69D,0.0,0.0,0.25,0.38,0.38,sad
BD539643-227C-47D7-A6DB-264ED209A62C,0.023333333333333334,0.11,0.04666666666666667,0.11666666666666668,0.36333333333333334,fear
2FCA0793-6DF6-4E29-BA58-322503EA5785,0.085,0.0,0.085,0.0,0.835,fear
30073814-5AB9-42BF-92C5-CCC0018B74F8,0.075,0.0,0.115,0.04,0.77,fear
581E3827-B6E2-42FC-9DB9-D58A79B8BC0F,0.10666666666666667,0.04666666666666667,0.14333333333333334,0.22,0.4766666666666666,fear
1E9172BB-2E66-4BBF-9482-C2F9122FEC04,0.08499999999999999,0.02,0.28500000000000003,0.145,0.45999999999999996,fear
4FDBC422-FE4B-428E-B6FA-976D5C9198C2,0.22,0.015,0.07,0.185,0.505,fear
7A54E63F-25DA-4C32-BD80-EA22EEB5DDA8,0.04,0.08,0.34,0.25,0.3,surprise
772D9487-C35F-48B1-8D57-72D84A41AB04,0.16499999999999998,0.015,0.1,0.13,0.58,fear
4362530C-D474-4901-9423-68BC8534C51E,0.245,0.14,0.07,0.085,0.45499999999999996,fear
234A533D-F3A3-4E81-AD15-E58D79DD6789,0.1475,0.005,0.03,0.3625,0.4525,fear
8D9AE98D-B1B3-407B-8878-CDC534788DAF,0.06,0.06,0.16,0.23,0.48,fear
C9B7D49F-5CC5-4EC0-96E3-A81F0E0B74D9,0.16,0.015,0.07,0.085,0.665,fear
655FBEFA-2DDE-49AE-B921-82952D115784,0.11,0.05500000000000001,0.09,0.16999999999999998,0.575,fear
AE0154AC-53F3-4DA7-BFC8-7F2FA8E1CEE9,0.16,0.015,0.18,0.165,0.475,fear
6075BD5E-C240-462C-B76D-7685C137FBF3,0.06,0.0,0.06,0.19,0.69,fear
47215779-487A-4747-BD41-3B8944A1DBB9,0.0,0.0,0.0,0.23,0.77,fear
30E52B70-53B4-4A13-8E34-B96288BBAB34,0.28500000000000003,0.07,0.0,0.215,0.42999999999999994,fear
6FE169D9-60C6-49B2-A39A-998EFA644702,0.12,0.015,0.195,0.14500000000000002,0.515,fear
6890C92C-56EA-44B8-B614-A2FE95DA798E,0.19666666666666666,0.056666666666666664,0.09999999999999999,0.07666666666666667,0.5666666666666667,fear
05E4B20E-4239-4175-B6E4-3FC4E795598E,0.12,0.015,0.195,0.085,0.58,fear
29063ADC-C565-4494-AAA4-BB9516269C8A,0.018571428571428572,0.02857142857142857,0.09142857142857143,0.2285714285714286,0.48857142857142855,fear
FB4CE03E-D408-439E-812F-2C6F69822D80,0.14,0.0,0.14,0.25,0.47,fear
E41BD318-E9EE-4989-A574-6C7324C04F08,0.0,0.0,0.0,0.0,1.0,fear
BAAB3E82-7970-4EEC-B02E-76F9A8ECCD4F,0.095,0.015,0.16,0.29000000000000004,0.43999999999999995,fear
2ED9B8F1-61E8-4914-AE18-FD76930BAE43,0.0,0.14,0.14,0.14,0.57,fear
CBFCA590-CAE3-4CF6-A6B7-0C5E4FEA9C28,0.07,0.0,0.16,0.0,0.775,fear
9AB4E292-6313-4367-ACE1-826DBE2BC821,0.14,0.05,0.14,0.16,0.51,fear
90E18257-9871-4463-9174-A6AB4DC1E839,0.0,0.0,0.0,0.09,0.91,fear
58655304-4348-4BCF-80F7-42439588329F,0.0,0.0,0.0,0.0,1.0,fear
54BC614E-9448-4164-854D-5AEC8D5457E4,0.14,0.0,0.14,0.29,0.43,fear
50DBC615-2B55-4DBD-8158-CA1875478FF1,0.08,0.08,0.0,0.67,0.17,sad
7DF1D813-3375-4F3D-A9BC-325203594198,0.16666666666666666,0.0,0.07333333333333333,0.4333333333333333,0.3333333333333333,sad
AB6DCE88-B83A-407D-8831-64AE422FB657,0.1575,0.005,0.105,0.2475,0.485,fear
1092FC41-2AB0-43CB-878D-8E2C23F3D7D2,0.06,0.06,0.12,0.29,0.47,fear
C3AAA80C-7205-4C77-8AD0-5D2D33E25223,0.02,0.0,0.06,0.26,0.665,fear
1427DCD9-7336-44B6-A175-D0CD1AF9CB06,0.22499999999999998,0.0,0.055,0.23,0.495,fear
3665952E-BEC6-452F-A0FD-49B284269B78,0.0,0.0,0.67,0.33,0.0,surprise
6EE609DC-AF34-40E3-8FE4-B042F05C92EB,0.12333333333333335,0.035,0.06333333333333334,0.13833333333333334,0.64,fear
4AF718EF-DBA9-4AFA-BBF9-C767042131FF,0.04666666666666667,0.08333333333333333,0.20333333333333334,0.23,0.4366666666666667,fear
7D6F338A-F819-4299-8509-87FAF271D624,0.15333333333333335,0.06666666666666667,0.036666666666666674,0.14333333333333334,0.5966666666666667,fear
D6BBEFAC-B859-403F-B2EC-C8BFD6E99A64,0.0,0.0,0.0,0.12,0.88,fear
1900656D-7F6D-4227-9D89-B9220744968E,0.33,0.0,0.0,0.0,0.67,fear
8DE4A88F-6924-4BF8-A20A-4927289FC3E0,0.12,0.027500000000000004,0.07875000000000001,0.39,0.38375,sad
12E56DFA-9B59-494B-94FC-56161228F57F,0.065,0.03,0.375,0.21000000000000002,0.325,surprise
510C14B3-6AD3-4580-8A84-B5D073F65960,0.43,0.14,0.0,0.14,0.29,happy
587970B9-31DA-49C5-BB57-19D4D224E59C,0.09,0.0,0.36,0.36,0.18,surprise
9DD1BEAA-FC09-4986-9C1E-4F3E247C85FF,0.0,0.0,0.5,0.2,0.3,surprise
56924775-E5CE-4B08-AC91-6408B82F15F9,0.0,0.33,0.28,0.11,0.28,angry
0421780B-E1F3-45CB-B348-EA55C7850CD8,0.0,0.0,1.0,0.0,0.0,surprise
3BAEE882-857B-4595-854B-C94B70FBE8CD,0.0,0.12,0.25,0.25,0.38,fear
37F4F2E3-0A58-4022-8AE4-27A893673216,0.17,0.0,0.03,0.25,0.56,fear
EA837EAA-8816-46FE-90A8-283F41ED2465,0.14,0.04,0.0,0.54,0.29,sad
1DDEBBEF-7331-48AE-8B43-76484F4AA447,0.025,0.005,0.17500000000000002,0.2225,0.5725,fear
94E1E537-478E-4439-AB8F-BCDA177045E2,0.0,0.325,0.125,0.425,0.125,sad
DD185B44-444A-4416-A833-9FA0D67ED17E,0.07,0.01,0.125,0.305,0.495,fear
C54577FE-4F91-429F-A4CC-A139ED04E0B2,0.07,0.045,0.025,0.22000000000000003,0.64,fear
9BDFF0A9-3B22-4F08-90D4-F8613442053E,0.0,0.08,0.05,0.22,0.65,fear
0DF0D01A-C8F2-417A-9DF0-F029052C8803,0.08,0.06,0.12,0.22,0.52,fear
65F57210-8823-4A2A-80FF-686E85997950,0.25,0.08,0.17,0.17,0.33,fear
7ACACC31-902C-439D-89D2-CA4A39425809,0.09999999999999999,0.0,0.2933333333333334,0.2683333333333333,0.3383333333333333,fear
FF5EEED2-1B38-42B2-B6A5-A66A98F2D71F,0.0,0.09,0.36,0.18,0.36,surprise
729C1BC4-DD1D-41E0-8CCD-03F5224EBC81,0.07,0.0,0.21,0.14,0.57,fear
C2980B89-63DF-4621-98E1-07A0CFE94281,0.05,0.0,0.2,0.35,0.4,fear
F9CD09E3-C90E-4595-ACA8-BB04A902BE46,0.13,0.07,0.0,0.2,0.6,fear
7470E2E9-B0BB-4F6C-B409-7B651FF91B1A,0.0625,0.0,0.11,0.195,0.3775,fear
BB646C2E-3C16-4F32-93EC-C5361D39549E,0.0,0.0,0.0,0.09,0.91,fear
39540DE3-6D2B-4FE8-A859-D8EA11756415,0.016666666666666666,0.0,0.18666666666666668,0.14,0.6566666666666667,fear
D9D73B22-5314-449F-A0C4-7A27734BDCDD,0.195,0.015,0.095,0.26,0.43000000000000005,fear
CA61BF37-6C53-4012-8845-FDBCE5B9D1A0,0.0,0.0,0.0,0.0,0.0,happy
2A038F66-FB3C-4676-8B4C-FA83A8AC382D,0.08333333333333333,0.011666666666666665,0.06166666666666667,0.305,0.5383333333333333,fear
8CFBD736-C670-4B2C-9781-41063F3760BD,0.14,0.07,0.14,0.14,0.5,fear
80E7EA8F-89BA-451B-B773-E50DAC37FA08,0.25,0.0,0.25,0.25,0.25,happy
17EB3EA2-E3E2-4CF3-97EE-77D157585B95,0.1,0.1,0.0,0.5,0.3,sad
679FBFCC-8824-4BA6-83E1-424B88FBE1E1,0.15,0.07,0.07,0.15,0.56,fear
222F4522-1790-4E8F-8179-BBA57D6BEE78,0.105,0.01,0.125,0.275,0.48,fear
A312F086-00CE-407D-B34A-27613E720607,0.06,0.0,0.19,0.12,0.62,fear
E997506B-2F66-4764-848A-E280FC578CDE,0.5,0.0,0.0,0.0,0.5,happy
1BDFA750-2551-4465-A6BF-158A4EA554EF,0.035,0.0,0.185,0.11,0.6699999999999999,fear
8074D512-59E8-443B-A619-E9BC9E3CD1DF,0.0,0.0,0.25,0.0,0.75,fear
3A1B1C62-C053-46CE-B958-CBA578BA55D0,0.11,0.0,0.16,0.11,0.63,fear
60010B4F-5214-43D2-8E79-10F8098272EB,0.09,0.0,0.06,0.27,0.58,fear
E0B2FF93-1F2B-4B1E-B24E-3EEE845194F9,0.18,0.09,0.09,0.18,0.45,fear
9144CFFF-D41F-4F3C-8C0C-8D661FA6EF20,0.0,0.0,0.0,0.0,1.0,fear
FD667DC8-6C1F-4C23-BE48-12A2B3F96ABD,0.1,0.05,0.24,0.24,0.38,fear
E6A2E15B-E4EF-4378-941E-7FB94E352B44,0.11250000000000002,0.10250000000000001,0.235,0.27,0.27749999999999997,fear
3751B414-ABF4-4692-9965-8B6535D7924F,0.0,0.0,0.27,0.27,0.45,fear
66F4C13D-A1E8-46F7-8CBF-6A36B24196BF,0.0,0.0,0.0,0.33,0.67,fear
3E35DF74-0FD0-4116-BC0E-24F8DB9F4A05,0.05833333333333333,0.03333333333333333,0.2066666666666667,0.09833333333333334,0.6016666666666666,fear
5CAB0916-FCCC-4903-B045-F8A391B19FA0,0.09,0.05,0.09,0.32,0.45,fear
2BEE0051-FAED-4A79-A2DD-AB1BC10490D4,0.015,0.095,0.1875,0.1325,0.5700000000000001,fear
12D17019-3B0D-4F5D-9E47-11E94012949B,0.0,0.0,0.0,0.0,1.0,fear
F6628CBC-CCBD-4866-BAED-F2C966FB4518,0.0,0.0,0.2,0.0,0.8,fear
354D6E69-F6BC-459E-B4C0-DEE9600BF942,0.0,0.0,0.0,0.33,0.67,fear
3C62F3A5-0B58-4491-A0F1-AD5EE05AC297,0.05,0.15,0.05,0.05,0.7,fear
710359C6-2F53-4C88-B3DD-B28CF6D1FBAD,0.08,0.04,0.12,0.35,0.42,fear
F5B2FCD8-0107-49E9-B965-A4AFC5234BF3,0.0,0.0,0.0,0.0,1.0,fear
F09FDA5A-EF78-4338-9A4E-E36B60D0AD49,0.0,0.12333333333333334,0.049999999999999996,0.31,0.5133333333333333,fear
2C2FF77A-1296-4F00-97BB-698A7FAEF3CC,0.09,0.09,0.27,0.0,0.55,fear
F23B8C0D-391C-459D-903C-EEBF587C614D,0.165,0.0,0.33,0.25,0.25,surprise
5B189E0E-20A6-44D8-8715-14DEE236E3DD,0.19,0.0,0.11,0.11,0.59,fear
F01F554C-E824-462C-B52E-C691AE76601C,0.03,0.14,0.06,0.2,0.57,fear
BC3806D5-3017-4B82-965E-E058B7FA2257,0.28,0.06,0.12,0.14,0.395,fear
9D303830-42E6-42B0-8D4D-6981C5688908,0.0,0.0,0.2,0.6,0.2,sad
959C6EC3-0F85-4579-ADBC-3DAE8C86437E,0.625,0.0,0.125,0.0,0.25,happy
A385A099-969F-4300-8FEB-68AE8F1845E9,0.02,0.14,0.02,0.14,0.4275,fear
82FE92BE-BBA3-496D-86B9-126109DBFAEA,0.0,0.0,0.0,0.25,0.75,fear
814C086F-D337-4C86-8C94-E0BF9259EA5C,0.19,0.1,0.29,0.1,0.33,fear
E728CD68-827C-4481-9837-00769EE6CDD7,0.0,0.0,0.17,0.67,0.17,sad
76C4B04C-EB13-4AED-9E5C-93ADE0F10FC0,0.11666666666666665,0.12666666666666668,0.06666666666666667,0.2866666666666667,0.39666666666666667,fear
4B061AA7-2023-4C61-B252-AB9D18F57EB2,0.01,0.135,0.2225,0.3025,0.33,fear
B64D39CE-1272-4505-87A1-CD651CFCCEBB,0.15,0.0,0.31,0.23,0.31,surprise
86E806B4-13FF-426C-91B9-A6103CC60C4B,0.0,0.0,0.22,0.22,0.56,fear
E6564F24-EEF4-419D-A24A-100DCB04AF9F,0.0,1.0,0.0,0.0,0.0,angry
C6BFBA19-B9F5-4E10-9DCB-A0BB3A259CD2,0.028000000000000004,0.0,0.0,0.296,0.6759999999999999,fear
4036143A-6562-4FDA-BD65-8882F3DEB2DA,0.0,0.0,0.0,0.335,0.665,fear
5F60EC58-9B55-429E-8787-31DD9CEDEC50,0.09,0.0,0.0,0.27,0.64,fear
DBE1DBC4-63C4-4299-B365-69F6E363E50D,0.04,0.01,0.1,0.615,0.24,sad
3349FB9A-B7C1-41E4-A526-731EEF464ED6,0.0,0.12,0.12,0.12,0.62,fear
2789A2D9-F4F5-4216-A1E9-11F650A44760,0.06,0.11,0.11,0.28,0.44,fear
9D7ADB47-9366-4D3D-93C4-8D22765A01A0,0.1,0.1,0.2,0.3,0.3,sad
A6D03058-E84D-4C88-81B1-36614D02F7F2,0.0,0.0,0.0,0.11,0.89,fear
4911B8A6-B009-4D13-9C9E-6C98B8A6A9AD,0.08,0.08,0.08,0.15,0.62,fear
01754230-776A-401B-842B-4D96F659FBBC,0.0,0.05,0.07,0.095,0.285,fear
6D33AF85-6CA9-48B0-9C5F-1191F27B3AF3,0.15,0.0,0.07,0.22,0.56,fear
7D66978C-6AF7-470B-AE07-BD2FC5FB6215,0.12,0.0,0.25,0.12,0.5,fear
4E494C9E-6693-487A-997A-ECD78AF59B73,0.14,0.29,0.14,0.14,0.29,angry
1E5F712C-7CA1-4841-896F-A0A48C102947,0.0,0.0,0.17,0.33,0.5,fear
3E4451F7-A85D-4854-A1D2-85FFF6EA5953,0.225,0.0,0.16999999999999998,0.14,0.46499999999999997,fear
52DBA23A-7F52-4910-B7F4-B26F5980D9A2,0.0,0.145,0.125,0.195,0.5349999999999999,fear
684FF67B-E7B8-4C18-B4D7-761DD970879B,0.4,0.0,0.2,0.0,0.4,happy
5C58B7F8-1BB8-47C7-8A02-AFB634FDC6E6,0.14,0.0,0.0,0.29,0.57,fear
FBAE3562-FB2F-4928-9A90-14A5C277CF2C,0.25,0.0,0.0,0.17,0.58,fear
35699209-7E66-4535-93FB-9401126EAA2A,0.0,0.0,0.27,0.27,0.45,fear
C11AE2B3-8FE0-4DD5-8AC5-39827A8FBBD7,0.10666666666666667,0.17,0.05333333333333334,0.17,0.49333333333333335,fear
5AFB2FC6-1B52-4C1B-8831-8A6301D855DF,0.052500000000000005,0.135,0.1375,0.265,0.41500000000000004,fear
05CA7CBF-4943-4BFA-9D8E-02EDD4617EED,0.0,0.0,1.0,0.0,0.0,surprise
E1C9CEBA-34E9-40C1-AB52-B87A8BC98C6D,0.135,0.045,0.36,0.09,0.36,surprise
68099BE2-415D-48D7-BE00-3B4EBBD247DF,0.10333333333333335,0.023333333333333334,0.06666666666666667,0.14666666666666667,0.6633333333333333,fear
73B770EC-A86D-491D-A503-42B03CD80AA5,0.035,0.0,0.18,0.645,0.145,sad
07648C3E-6EED-4BA0-9D09-8A2550D6ABBD,0.0,0.0,0.06,0.06,0.875,fear
3C5C05E2-3696-4A35-94B0-80F441F69378,0.0,0.0,0.0,0.0,0.0,happy
A783212D-E62C-4E67-AB6B-5BC8AD29442F,0.09999999999999999,0.013000000000000001,0.095,0.20400000000000001,0.589,fear
95AF6EC5-C0EE-49E8-8A7B-0EBD68C62912,0.14,0.07,0.0,0.36,0.43,fear
3D11B44B-3266-4D9C-85E2-43EC5245C703,0.016666666666666666,0.07666666666666666,0.14333333333333334,0.4666666666666666,0.29333333333333333,sad
87E7C173-BBA5-42B2-A5C6-15FA4C8421B0,0.0,0.0,0.0,1.0,0.0,sad
5B076268-60F9-4B7A-B16D-1339CDEEDAA5,0.11,0.0,0.0,0.0,0.89,fear
0CA3A7EC-64A8-48B8-9A1A-FECA134E41C6,0.03,0.03,0.10500000000000001,0.16,0.68,fear
4F49D098-73B5-47CF-A62E-68192503A924,0.0,0.17,0.08,0.33,0.42,fear
0FB6C4F8-F417-430D-AF7B-8031F05BB887,0.11,0.11,0.22,0.0,0.56,fear
5A7C9820-70AE-4EE1-908B-8CF578484B9F,0.0425,0.25,0.0625,0.34500000000000003,0.3,sad
9C49A111-A555-47D3-BB4A-198EED4E547B,0.075,0.06,0.085,0.14,0.63,fear
1F78B166-DEFE-4D0E-98FD-1B18C1F7976A,0.06,0.0,0.17,0.22,0.56,fear
0D3C01DF-D939-4903-AE4D-233E56683311,0.0,0.0,0.0,0.0,1.0,fear
9ADCBFD7-46B0-4B26-AFF0-AFB8E86713AF,0.0175,0.0825,0.0725,0.11750000000000001,0.4575,fear
9F740A75-9C8F-42D1-9F55-B77F5B04E5EC,0.185,0.0,0.135,0.305,0.37,fear
4E206D52-56D3-4DCB-9D42-95F67D3C2168,0.29,0.0,0.29,0.0,0.43,fear
ED8B0138-D6D2-4685-9FF4-FDD9C7F9BDCF,0.0,0.0,0.0,0.0,1.0,fear
CE5959E1-0399-4F5A-8366-DE665983C762,0.0,0.0,0.0,0.4,0.6,fear
600023C1-E1D9-481A-A47C-BA059A4514AD,0.0,0.0,0.0,0.12,0.88,fear
FFC224A5-0719-4E62-A96D-BF7A7E6EE266,0.0,0.0,0.25,0.5,0.25,sad
157CD27F-DF60-4AC5-9B71-CDA2C4C881AD,0.25,0.0,0.0,0.75,0.0,sad
A9C25634-7038-46D3-8042-DFECFF246844,0.0,0.0,0.0,1.0,0.0,sad
B306D516-EBE3-4901-98D0-421F2F0C22DD,0.19,0.0,0.06,0.25,0.5,fear
16A145CE-559F-4447-9DB1-2F88BED9036A,0.16333333333333333,0.0,0.3333333333333333,0.10000000000000002,0.4033333333333333,fear
5B56E6C4-748F-46C6-9F7D-90CCE3EEEBF4,0.25333333333333335,0.12333333333333334,0.049999999999999996,0.23666666666666666,0.33,fear
30564931-99D9-432E-A31D-90EA1B6C71BB,0.0,0.0,0.11,0.0,0.89,fear
C90619BF-C80E-46C2-8FC4-6284231F6A26,0.27,0.0,0.25,0.07,0.41,fear
3A537F2C-4901-4423-AB19-EEAFB28CBAD5,0.1,0.04,0.18,0.24,0.45,fear
7B413A56-71D1-4241-B8F9-29FBD3F3C18F,0.2,0.1,0.2,0.2,0.3,fear
51B081E2-B8F7-4DC0-886B-6869E31FD269,0.12666666666666668,0.11,0.08666666666666667,0.3566666666666667,0.31333333333333335,sad
B5E618BE-1DFE-4683-875D-74CB8E2E754B,0.4,0.0,0.0,0.0,0.6,fear
C7A922D9-3BC5-44A8-8AAD-243525696183,0.21,0.07,0.0,0.14,0.57,fear
EE74BA83-A712-4558-B6C5-600B0882A2E4,0.08,0.0,0.0,0.17,0.75,fear
63B9AAB2-AD61-495C-A82C-2ED45889B2C6,0.24,0.12,0.29,0.24,0.12,surprise
5D732A4E-D3C3-47E6-9E43-E1F02E6EDB5D,0.2425,0.0825,0.035,0.1675,0.2175,happy
CC3042AD-0105-44CD-A7FC-11B81606C0BB,0.0,0.0,0.33,0.33,0.33,surprise
14B15A31-E0AB-44E7-93F9-ACEBC45F6E1E,0.0,0.17,0.33,0.17,0.33,surprise
A0C3FA98-3BB5-4C21-88E0-04081283B664,0.43,0.0,0.14,0.0,0.43,happy
5C16E079-9C6C-43D9-A6E0-1A1DCF790875,0.2,0.0,0.0,0.2,0.6,fear
07C43B54-8CD3-4A58-B7DA-A59F596D93BA,0.060000000000000005,0.11750000000000001,0.0375,0.3025,0.48,fear
D7C1F9C8-2E42-4215-8CA3-FC1E9D857362,0.165,0.0,0.23,0.065,0.53,fear
3B1386F6-3D3D-4B67-8F38-84A92C9EE87A,0.0,0.0,0.08,0.33,0.58,fear
FCD077F0-E6A2-49EB-B5B1-8B16F8013F71,0.3,0.1,0.1,0.1,0.4,fear
11175BE7-32E0-4C5E-BDB7-5C9EF67C5989,0.11333333333333333,0.0,0.2966666666666667,0.16666666666666666,0.42333333333333334,fear
ACBB55EC-CBF7-427D-919B-F73E56F155C2,0.17,0.0,0.08,0.17,0.58,fear
5DDE91D7-6A68-4A2F-8EF5-E226F5B79169,0.0,0.0,0.4,0.0,0.6,fear
5B887735-AAE1-4F18-80AA-DA9B4867DD8A,0.0,0.0,0.0,0.0,0.0,happy
99DDC9B9-6A3E-4121-B1FB-EAB52B0AA0E5,0.5883333333333334,0.04833333333333334,0.085,0.09999999999999999,0.18166666666666664,happy
25BD227A-7F1F-4A4E-B598-552E84726E82,0.29,0.0,0.14,0.43,0.14,sad
9FE926F7-4ECB-47E3-A273-0611EAAACFC3,0.165,0.0,0.055,0.22,0.555,fear
CD6D99F7-18EE-403D-A0FB-A526CF515918,0.05,0.0,0.1,0.38,0.48,fear
4D630A62-9138-438E-8047-30C8EFD285B2,0.17,0.03,0.0,0.34,0.45,fear
0A7BDFC2-AD59-4493-BC40-845E111FBBB9,0.0,0.1,0.0,0.8,0.1,sad
F62DA4E0-AEA2-466B-B372-581669B8F862,0.1,0.1,0.2,0.1,0.5,fear
ACFE949C-CCE8-4E9D-BB02-91C4C882DEBC,0.0,0.0,0.12,0.62,0.25,sad
07B419E8-1CBE-475F-A83E-006FA90217EA,0.0425,0.02,0.0625,0.0625,0.3125,fear
D57E3947-FC2A-49A6-BED2-82244CCAB05A,0.0,0.0,0.25,0.12,0.62,fear
BBA7EDE6-251C-48B4-9142-CD72826CBA77,0.0,0.0,0.0,0.33,0.67,fear
79051F59-7A9C-4BFC-B714-C203AAC47473,0.07,0.05,0.19,0.19,0.51,fear
A76C6D5A-C75D-4416-AA86-F5165761A8E8,0.0,0.0,0.0,0.0,0.0,happy
CDDCC459-EADF-41A1-8A77-CC910E4336E9,0.03,0.03,0.12,0.24,0.59,fear
E23059B6-EABF-45FA-9838-34BBD5999AC2,0.0,0.0,0.0,0.0,1.0,fear
A8EF4D9E-FA8C-4E66-A46C-DFC6ED28D494,0.25,0.0,0.08,0.08,0.58,fear
F085C626-9298-419C-BBB1-6021F3B05DA6,0.14,0.03,0.24,0.14,0.45,fear
2FF135E4-27F6-4F17-8991-60E90DBC1948,0.0,0.21,0.36,0.21,0.21,surprise
D97170A6-F47E-4DF5-A8AE-05F8609C5806,0.0,0.0,0.0,0.0,1.0,fear
B3C4D054-35AE-40B3-99D3-79E3C2156CC5,0.0,0.0,0.1,0.3,0.6,fear
E849A87B-FC30-4608-AF3C-C5355BE521B3,0.0,0.07,0.21,0.14,0.57,fear
47484131-DC25-4398-8A54-C0BF8AC6F23E,0.0,0.14,0.0,0.14,0.71,fear
18A1C8F8-4994-4F6C-BDD6-84157AF5F732,0.19333333333333336,0.0,0.12666666666666668,0.23333333333333336,0.44333333333333336,fear
8F9E40AB-1D4A-40EC-BCF5-104B78640AD1,0.125,0.0,0.075,0.225,0.575,fear
AE12267E-4433-4C5D-93DC-6BF794F23FA6,0.12000000000000001,0.2,0.07,0.22999999999999998,0.38,fear
10C9C43C-CB64-43BD-BB68-68E687D2B0B7,0.05,0.0,0.0,0.3,0.65,fear
13DAD86B-7611-4599-83A2-CA20EC9693BD,0.08,0.08,0.15,0.15,0.54,fear
4700D03B-1CA7-45D2-8160-0AB8663C8B9C,0.18,0.0,0.24,0.18,0.41,fear
3813844E-6545-4F18-8FFA-360068A238EA,0.0,0.0,0.0,0.33,0.67,fear
4EF5C669-D0C9-4859-B966-C54A4B89C579,0.0,0.1,0.1,0.2,0.6,fear
59D786D8-F293-45DD-AB09-120C3DBC0846,0.14,0.0,0.175,0.18,0.51,fear
51360FF0-1AC0-478F-A0D3-8A5232F5B5DA,0.0,0.0,0.0,0.33,0.67,fear
174D8870-EF85-4FAA-9760-B85816B7D529,0.06,0.0,0.18,0.24,0.53,fear
D659E6F2-3F39-47C5-8765-7245938A4234,0.175,0.05,0.1,0.20500000000000002,0.48,fear
A22E5C52-7B43-4B8F-B03E-CB61B069F37E,0.0,0.08,0.31,0.23,0.38,fear
A533886E-010B-48BE-9311-F1B4F2C916EA,0.0,0.0,0.0,0.2,0.8,fear
CFB5611B-15DF-490D-A4C3-F41D10F9436B,0.0,0.0,0.29,0.0,0.71,fear
2AAC673A-9CED-4766-85C9-43E41A49B263,0.0,0.0,0.0,0.33,0.67,fear
79A4B570-F531-4F28-8E7C-372DD1B09A8E,0.0,0.17,0.08,0.08,0.67,fear
45A3017F-F334-4D48-8216-ADBBE202E521,0.0,0.25,0.25,0.08,0.42,fear
A2006659-E10A-46DB-A8AF-3FC9FC71F2B9,0.0,0.0,0.25,0.25,0.5,fear
BF647BB0-BE9F-4DB5-8D0E-FDD375C2DA60,0.05,0.0,0.13,0.37,0.45,fear
DB08AEE2-957C-4712-9C6B-AD0CE21FD46C,0.0,0.0,0.0,0.33,0.67,fear
C35802C2-93FC-47C6-B71B-91103053FFF2,0.14333333333333334,0.055,0.17833333333333334,0.12833333333333333,0.48833333333333334,fear
96B268E4-BBD6-4615-8489-6FEC5589E0F9,0.30666666666666664,0.0,0.03333333333333333,0.2333333333333333,0.4266666666666667,fear
751016AE-C5E6-4C48-87F2-6A65AB144259,0.0,0.0,0.1,0.2,0.7,fear
49853C1C-ED7B-4288-B9F9-C9383B3DC1F6,0.0,0.0,0.36,0.45,0.18,sad
A5CF5078-CD23-48EC-9F0D-DAC53141558F,0.0,0.0,0.0,0.09,0.91,fear
85D89772-E781-4D15-AB41-01EE3D34D56D,0.1,0.0,0.0,0.2,0.7,fear
85ED98D8-7270-43B8-BBC2-90E80A66D3F6,0.09,0.0,0.14500000000000002,0.09,0.675,fear
0A8CB937-6C37-4680-98B2-B55429AC82A4,0.0,0.0,0.0,0.43,0.57,fear
AFE24B60-DB08-4185-AE05-D84183BA994F,0.07,0.04,0.07,0.21,0.61,fear
DD4C5A17-E9AD-4B98-866B-2DF8AAD3B11D,0.0,0.0,0.25,0.12,0.62,fear
BD591E8F-071E-4505-9542-09E8FED632BB,0.0,0.0,0.085,0.0,0.915,fear
01CDED06-D1D6-4794-915F-ED0082985463,0.145,0.125,0.27,0.0,0.46499999999999997,fear
C39185A6-36B5-419D-B180-2C0F38E534DD,0.17,0.03,0.17,0.1,0.53,fear
14AC5F33-1562-4426-8272-6B509B6F0BAD,0.0,0.0,0.5,0.0,0.5,surprise
9D3A825C-B359-4038-B24D-8F8E1376C463,0.06,0.06,0.3,0.24,0.33,fear
4E71277A-3F9B-4208-8BC1-3DEA25ABD01A,0.1,0.0,0.1,0.4,0.4,sad
FF9EEA44-3996-4AD0-9595-16054DC10AF4,1.0,0.0,0.0,0.0,0.0,happy
B4AE6635-8E39-4AE7-B89C-8E382418EAEB,0.085,0.0,0.395,0.0,0.52,fear
CF713D70-FC9B-42E7-982A-25D756327642,0.0,0.0,0.0,0.5,0.5,sad
3CD1701D-FD55-44C5-A425-BF3F4E4D6F9B,0.06,0.065,0.19,0.24,0.44499999999999995,fear
FF59782C-0B0A-4C8E-B330-6049C32363A3,0.125,0.07,0.07,0.155,0.585,fear
29777285-FC87-4D12-96B5-ECBEF49D7DB6,0.0,0.09,0.18,0.09,0.64,fear
9CC37228-906A-400E-B1CE-3B300D65C34D,0.0,0.0,0.08,0.33,0.58,fear
02C3B461-28EF-4593-A8AB-47A1DB5AD3AE,0.0,0.0,0.09,0.27,0.64,fear
68A2B136-4E92-4499-BFA8-CEEE3CF8508A,0.08,0.0,0.21,0.5,0.21,sad
0D6D57EC-FA59-481D-BB63-8EF5B8A5FB24,0.1625,0.01,0.10250000000000001,0.0625,0.6599999999999999,fear
4B6F1626-5065-4C3B-895A-A59AB40952D4,0.0,0.17,0.17,0.17,0.5,fear
EC9704E0-E00C-42D0-944C-0E762F84C83C,0.29,0.0,0.0,0.57,0.14,sad
CD9BE8B1-823B-42C0-B022-C2D216D22E78,0.07333333333333333,0.0033333333333333335,0.08166666666666667,0.22333333333333338,0.6183333333333333,fear
D603927D-4F07-4CDE-906D-ABE070297648,0.11,0.04,0.14,0.32,0.39,fear
132ABAF5-C1D1-40F4-A779-5DA0DB1F14F5,0.22,0.0,0.11,0.44,0.22,sad
B98B56B5-4391-46FA-9F76-F82DC3A5BEAD,0.0,0.0,0.33,0.0,0.67,fear
8AD34087-A51F-4E32-8116-5EBF4DFB6B52,0.2,0.0,0.0,0.2,0.6,fear
5EEF4296-0470-48F4-B1BF-69EEE07A30B3,0.33,0.0,0.06,0.22,0.39,fear
334D949C-DC48-4849-8583-61BCE2762027,0.0,0.0,0.1,0.0,0.9,fear
95832605-99AD-48DF-B52F-47F45F5AA3C0,0.07,0.0,0.18000000000000002,0.22000000000000003,0.5249999999999999,fear
1839ECA9-A58A-4494-B984-AFDC71CB5C53,0.0,0.0,0.33,0.0,0.67,fear
758E716B-A808-41EE-A234-794FA59F195A,0.0,0.33,0.33,0.0,0.33,angry
75D406C6-82DA-4427-BEC8-13109A52B5A6,0.1375,0.05,0.0375,0.16,0.3675,fear
7B83C6A3-16AE-4C68-BFFC-7D406ECD67F4,0.12,0.06,0.19,0.25,0.38,fear
F492F1A7-8712-46D9-BAB5-1E264D407686,0.05500000000000001,0.0075,0.1975,0.2675,0.475,fear
CBB563DF-D39A-4700-BDCE-79AE086FFF8C,0.0,0.0,0.33,0.33,0.33,surprise
D14FC949-3BC1-453D-9847-318FC370DE3E,0.0,0.0,0.35,0.15000000000000002,0.5,fear
C925D3C1-0893-4FA3-942E-7C496E0A1052,0.0,0.0,0.0,0.12000000000000001,0.88,fear
46AEC27D-BA7C-4446-B9B8-9EA746EEBE96,0.14250000000000002,0.0025,0.0275,0.29,0.5375,fear
21F6CC0E-9900-48C1-934D-BF21CAB5ABD3,0.0,0.0,0.0,1.0,0.0,sad
BF0F4AD7-1400-42E2-81E8-860313C8FCD8,0.0,0.29,0.0,0.57,0.14,sad
706B192F-7787-408A-8BA2-41AD35C9AE58,0.0,0.0,0.1,0.14,0.76,fear
D11A93DD-AECC-4571-9A84-240460BBD71B,0.10846153846153846,0.11538461538461539,0.11230769230769232,0.1123076923076923,0.3215384615384615,fear
B5BE51CD-5881-4F3D-88A5-FD80E6B6312D,0.11,0.0,0.125,0.0,0.765,fear
D30BCD30-2845-491D-AD5A-6C4AD95D6C61,0.0,0.33,0.0,0.67,0.0,sad
14579D90-B780-45FE-8CAD-7F9619FB668B,0.04666666666666667,0.03,0.13,0.18333333333333335,0.6066666666666667,fear
36E9F01E-37CE-4EAC-9F8E-D5D285328029,0.2,0.0,0.2,0.2,0.4,fear
F12F56C7-6306-4D17-AFCC-419954E56DCE,0.14,0.0,0.0,0.27,0.59,fear
3995787C-34BD-4431-B72B-22D0DD411ACA,0.045,0.0,0.045,0.30000000000000004,0.6100000000000001,fear
B9348937-BE47-4122-B3E3-6D8D966E2FC8,0.0,0.11,0.22,0.22,0.44,fear
08A3A039-179E-4F40-BF6A-800A811B50EF,0.12,0.0,0.19,0.12,0.56,fear
1AEEC131-D1F7-4090-B196-6AFC3763EEFC,0.25,0.0,0.25,0.28,0.22,sad
AF74D238-250D-44C8-9C85-CE50A43C4193,0.0,0.0,0.33,0.33,0.33,surprise
0B3C54E9-72EB-45CC-9AFC-3CA7FFC168B6,0.23500000000000001,0.0075,0.135,0.155,0.4675,fear
702F4F2C-DEE2-4986-A43B-E7DAA8C35E9B,0.06,0.0,0.05,0.075,0.31,fear
C762D653-89C1-443F-8D30-23A394B5626F,0.07333333333333335,0.013333333333333334,0.21,0.25333333333333335,0.44999999999999996,fear
14563D89-4DDB-44A1-97D5-114C58998F35,0.0,0.11,0.0,0.22,0.67,fear
76E1AB17-3560-4D65-BC9D-8A476D20BED4,0.0,0.08,0.29,0.38,0.25,sad
8B0B10A9-723E-4379-B78E-976B29297B86,0.045,0.0,0.045,0.38,0.53,fear
86DAEEE5-A42A-400D-8747-1428DC8F3BE1,0.14,0.0,0.14,0.26,0.45,fear
1DAFD069-CDF8-4B02-ABAF-9F726FCC2C17,0.082,0.046,0.08399999999999999,0.146,0.6399999999999999,fear
04ED7472-9848-48AD-83C5-AF6E799E1E0E,0.065,0.08,0.155,0.175,0.525,fear
212C55AA-B8E0-4A73-8FF9-18DCA55F48E3,0.095,0.055,0.135,0.125,0.5800000000000001,fear
F97FC079-97A9-42EB-8F62-7ED370D67A95,0.043333333333333335,0.01,0.3133333333333333,0.2333333333333333,0.4033333333333333,fear
0AD1C23D-B644-403A-963B-1AE06CE4AB8E,0.0,0.0,0.23,0.38,0.38,sad
4B8FD1A3-44E2-4458-B3B1-4C8187CA9670,0.1,0.0,0.1,0.3,0.5,fear
647EF412-3CA4-43DF-B846-A4972EACD8E4,0.045,0.0,0.365,0.09,0.5,fear
8178F508-6A44-4764-BE4A-0A5E9FDF143D,0.0,0.0,0.0,0.0,1.0,fear
F1781DCA-78BE-4208-B164-696C58EF0BBB,0.0,0.0,0.0,0.0,1.0,fear
B30B6DF2-92BA-4E7D-BD20-A825DA6B672E,0.21,0.0,0.12,0.04,0.62,fear
7E7F9260-43CA-4388-8C72-94DD72CF3F62,0.16,0.03,0.22,0.08,0.51,fear
DF23277C-5389-4881-9C7C-B7CD1927F095,0.045,0.015,0.24,0.075,0.625,fear
E8839A9A-F46C-4C81-B599-9528648A45F1,0.21,0.07,0.0,0.29,0.43,fear
556C450E-3539-4687-8268-1EAEBC03765C,0.07666666666666666,0.049999999999999996,0.1366666666666667,0.21999999999999997,0.5233333333333334,fear
D1F8C19D-65BA-45EA-8CD2-0DD240F93DA6,0.04666666666666667,0.0,0.2366666666666667,0.03666666666666667,0.3466666666666667,fear
297A101D-C335-4505-A7D3-7AB7DF48CFE5,0.0,0.0,0.0,0.17,0.83,fear
4E287F3F-EBBA-4F77-A5CE-0053AB4F0CD8,0.06,0.0,0.08,0.14,0.72,fear
96D33BF1-22DD-4663-9C99-2DA0EC1E3DA1,0.0,0.0,0.0,0.5,0.5,sad
BEB906C3-30E8-41B0-902C-47A57417056B,0.075,0.035,0.05,0.425,0.41500000000000004,sad
0AFAA91C-7964-482E-B65A-8292A0093FEA,0.08333333333333333,0.01,0.17666666666666667,0.10333333333333333,0.6266666666666666,fear
242088A5-5447-43A7-8A9C-CB4FCE34C1A3,0.02,0.006666666666666667,0.12666666666666668,0.16,0.6833333333333332,fear
A2EF8834-4670-4C97-9DB8-4796B7FFE3F1,0.0,0.0,0.0,0.0,0.0,happy
047617F0-89C5-4C36-9D98-FAE8ABBCD261,0.17,0.0,0.5,0.0,0.33,surprise
4734BC17-857C-4A1C-B0CE-447E7E1D306F,0.05,0.0,0.15,0.15,0.65,fear
2CB5386B-1A60-4600-8220-B7AFB913BDA6,0.0,0.0,0.25,0.0,0.75,fear
17A2EEEF-838E-44BF-BFD1-977835EE37CA,0.0,0.015,0.115,0.225,0.645,fear
586FCEA7-3416-45FC-BB16-A1B0434E2930,0.08,0.045,0.22,0.195,0.45999999999999996,fear
F3BA06F0-2600-4FFA-961B-DAEC1650ED23,0.0,0.0,0.0,0.0,1.0,fear
4E8D3B9D-D65B-41FA-BE35-A590DABF0B13,0.12333333333333334,0.04,0.07333333333333333,0.11666666666666665,0.65,fear
0D30EC99-B40A-4DD6-81D4-0E349A0D6146,0.04,0.035,0.10500000000000001,0.22000000000000003,0.6000000000000001,fear
D15696C7-84B1-4E4C-A423-66EA6B7DB12C,0.115,0.0,0.04,0.04,0.81,fear
29B54F57-B600-44D5-A668-B745F3585E38,0.17,0.0,0.25,0.33,0.25,sad
48CD33D7-670E-482F-95B2-15F369FB6062,0.045,0.0,0.025,0.23500000000000001,0.7,fear
F77AC3FE-2182-4EB8-B57E-0814E6C370A5,0.3,0.1,0.0,0.3,0.3,happy
2A32DB77-9AD0-48E8-9F50-523F5D6BD26D,0.10500000000000001,0.055,0.03,0.21500000000000002,0.5900000000000001,fear
9041D94B-F78B-46EE-AA23-BB948F0F1DB5,0.155,0.015,0.18,0.20500000000000002,0.445,fear
9E0D99D6-1034-4486-9157-E86C4C95D8B8,0.0,0.0,0.05,0.22999999999999998,0.725,fear
F943CF43-B67B-48D1-B940-3E688AB4F4BE,0.5,0.0,0.0,0.0,0.0,happy
A0086059-E54A-4C96-A28A-CACA2A1FCE11,0.14,0.016666666666666666,0.2733333333333334,0.12000000000000001,0.45,fear
4D98820A-C208-43EE-A3CD-BDFA70A4CEFC,0.0,0.36,0.0,0.36,0.29,angry
32ADF304-FE3D-4F06-AE87-377AE7EE0266,0.05,0.0,0.16,0.16,0.63,fear
EE9FED40-FCF0-40CA-9385-C12715FF11D2,0.0,0.33,0.0,0.0,0.67,fear
07BDF85B-9A53-411B-ABCC-B67B92110583,0.025,0.015,0.08,0.07,0.81,fear
EB7E98CF-F658-4BAB-B806-2CC3863BCDAC,0.0,0.0,0.0,0.0,1.0,fear
8EB6CB96-996D-4DBE-B57B-D50B5237DA88,0.14333333333333334,0.006666666666666667,0.25333333333333335,0.17666666666666667,0.42,fear
90E65167-880C-40A1-A483-9DA7791EF2BC,0.0,0.0,0.0,0.25,0.75,fear
4A900094-509D-47A0-BB4D-1E9CC4C41777,0.0,0.0,0.33,0.5,0.17,sad
93EBBD70-A7C4-4C9A-BF4E-F4D0990C4A1A,0.105,0.03,0.205,0.29,0.37,fear
0BB2F362-9241-4C1B-AE9B-E231A8C90BEC,0.07,0.07,0.13,0.47,0.27,sad
062EED01-8756-41E3-B6EC-354795D9C85A,0.20500000000000002,0.0,0.025,0.13,0.635,fear
70307021-DEAE-46CF-97EA-6952E715E182,0.14,0.0,0.19,0.43,0.24,sad
8F667FB8-20F4-4017-BEB3-93705E22D3E7,0.1,0.05500000000000001,0.19,0.26,0.395,fear
4786F9C1-6BAE-40CE-9603-9B048F45EA87,0.0,0.0,0.0,0.0,1.0,fear
597C18C5-ADED-41CE-8B95-BAF82135F4F1,0.0,0.05,0.0,0.27,0.68,fear
209FF5F4-B508-44BD-A4E3-077271404AB7,0.17,0.0,0.0,0.5,0.33,sad
E905924C-8354-4A5F-9362-5631F5F4E151,0.25,0.0,0.0,0.12,0.62,fear
35BC4513-33EC-460E-AB73-C840DC58F85C,0.0,1.0,0.0,0.0,0.0,angry
DDBCA067-38C8-49F7-8D19-8A3B9087CB08,0.31,0.06,0.06,0.25,0.31,happy
9EB53447-7A0D-4419-A8C7-3C3514CC940B,0.0,0.0,0.2,0.2,0.6,fear
84D4BF68-0DAE-4C03-9C3C-ED6906738390,0.14,0.0,0.0,0.43,0.43,sad
7819318A-5103-4CC8-A7E1-CBD52047F39E,0.0,0.0,0.17,0.17,0.67,fear
B221F611-979D-45EC-AE3C-71D2A94FED61,0.22,0.0,0.11,0.33,0.33,sad
660D0EB4-9FE2-4B12-8464-10A488651025,0.27,0.09,0.09,0.18,0.36,fear
484F96F4-F3FD-4D75-8496-28355A8E191B,0.09,0.04,0.22,0.3,0.35,fear
3C4F6A9C-EE67-4B8E-832F-942B82E1B7E1,0.12,0.0,0.0,0.5,0.38,sad
6A8C3294-0575-4FEC-A21D-9151040570E8,0.0475,0.07250000000000001,0.165,0.27249999999999996,0.4425,fear
FA7F78C0-FFDB-43EA-A5E3-4E0B2AB45D3A,0.07333333333333333,0.0033333333333333335,0.08,0.17,0.6699999999999999,fear
E7C1B754-828B-4D22-BE46-6CC6D13BADD0,0.09999999999999999,0.08666666666666667,0.12000000000000001,0.18666666666666668,0.5066666666666667,fear
DD4BB1FB-6585-4F9B-BC14-F595006D0E11,0.02,0.02,0.03,0.675,0.26,sad
7D5FE16E-A8AF-472E-A39A-C738F19232AC,0.04,0.0016666666666666668,0.11,0.11666666666666665,0.5633333333333334,fear
4C0C0E58-B102-4797-9EE9-4CE7F01599EB,0.0,0.0,0.0,0.11,0.89,fear
E2F01D9A-1914-44FA-B7C1-4DA78E5285CB,0.18,0.06,0.12,0.29,0.35,fear
57026331-375F-4456-AA15-8660D4311BB9,0.023333333333333334,0.013333333333333334,0.08333333333333333,0.3766666666666667,0.49666666666666665,fear
5744B106-AD26-4D63-BD96-E5E656D529CD,0.0,0.0,0.26,0.16,0.575,fear
49903B86-4E12-4B17-A379-28B52BFF8680,0.0,0.15,0.15,0.23,0.46,fear
15F1F984-A7B1-4AA8-ACAA-5F6ECD074D4C,0.06,0.11,0.0,0.21,0.61,fear
47D87E46-D58F-4164-A3FB-F3B7817AC8CF,0.065,0.005,0.1,0.22,0.6100000000000001,fear
4083ADAF-7637-43B2-9423-969683E8484E,0.0,0.0,0.0,0.43,0.57,fear
8AA4B755-42AC-41F4-B39B-B3C360D00020,0.33,0.0,0.0,0.33,0.33,happy
6256756A-2385-498F-86AD-42A76301E9E3,0.09,0.11,0.13,0.22,0.46,fear
E63F108B-C2C3-448A-97EF-6DFC3EFD6794,0.0,0.0,0.585,0.165,0.25,surprise
FA131C8D-0CFE-457A-9403-9C0EBAC28612,0.0,0.0,0.0,0.75,0.25,sad
6860456E-D69E-4F2C-BC6C-B67157246AF8,0.25,0.0,0.2775,0.18500000000000003,0.29,fear
BC424BC0-B5A7-4D37-90D3-618173FD50E7,0.1,0.0,0.27,0.07,0.57,fear
ED674DB8-90D2-47C4-83C3-9C2E1B5C5214,0.16999999999999998,0.0,0.09,0.255,0.485,fear
44EA7D11-1556-4756-B6FF-8795B749E32C,0.07,0.0,0.165,0.315,0.45,fear
2D33CA1F-1E9E-439B-8A96-72BEC7E88D10,0.01,0.01,0.26333333333333336,0.14666666666666667,0.57,fear
5A677AF0-422C-4514-81AD-FCF6787CA015,0.27,0.0,0.07500000000000001,0.255,0.395,fear
DD2081EA-3123-4C4A-A125-0E047B24140E,0.06,0.02,0.08,0.29,0.54,fear
454E15D2-CCAA-499E-A07D-9C036B3FA51D,0.0,0.0,0.0,0.57,0.43,sad
ED0D2FDA-7AF3-4818-825C-5ED2A4772539,0.06,0.03,0.14,0.33,0.44,fear
A9076E21-D3D3-4B65-9440-8431B3B94F85,0.03,0.0,0.0,0.13,0.835,fear
B879104F-E2C0-4D16-8BA3-8B1274271151,0.11,0.035,0.175,0.21000000000000002,0.46499999999999997,fear
E1A0EED8-F024-46DA-B9C0-BA85490306ED,0.23333333333333336,0.10666666666666667,0.03,0.33,0.3,sad
282B7E14-E1D9-4BE2-9EC6-518ED5B13385,0.15,0.0,0.38999999999999996,0.15,0.31,surprise
4F1FF905-3F6B-4EE9-A5C8-1E643254C57E,0.035,0.10500000000000001,0.195,0.425,0.245,sad
23260DC0-656A-428B-938B-C7E824949999,0.14,0.0,0.14,0.14,0.57,fear
B60F8436-830C-4AF1-8CD3-117C2033A978,0.01,0.08800000000000001,0.078,0.16799999999999998,0.6559999999999999,fear
4A7C52A8-1622-4131-B49F-C07FCD1652AD,0.135,0.0,0.08249999999999999,0.19749999999999998,0.335,fear
2609671C-0694-4175-B832-ADE1EEFE7849,0.035,0.0,0.07,0.035,0.855,fear
976FAE71-FDEF-402D-83EF-9C4EF2D7D076,0.032,0.0,0.10600000000000001,0.32799999999999996,0.536,fear
DE4648E3-7750-4DA4-8824-DAF4E7C06393,0.15,0.04,0.12,0.27,0.42,fear
229EEA2B-61EA-4786-AF0C-7CC688570331,0.135,0.0,0.26,0.045,0.5549999999999999,fear
51B9A951-C9CA-4157-883E-A95664BD4EA1,0.0,0.08,0.08,0.38,0.46,fear
FD87F74C-225A-48CC-9741-18CCD9189BA3,0.25000000000000006,0.0,0.25,0.19333333333333336,0.3033333333333334,fear
7E535492-F5EE-456F-A9CA-87F74C27A3AE,0.08,0.0,0.0,0.17,0.75,fear
1C84D6C1-FB99-4F18-9916-18D159952CF8,0.0,0.065,0.0,0.225,0.71,fear
EA0A682C-371E-4A7E-829E-33238D6FCB45,0.0,0.14,0.0,0.43,0.43,sad
A5B25BA4-836B-4E43-9273-D29D71A3AB0C,0.0,0.0,0.33,0.07,0.6,fear
E46EEE73-FF93-4AE2-AC3D-3F2FD0E0BFBC,0.0,0.0,0.0,0.0,1.0,fear
164F0402-A516-4448-949B-3E2383B2295D,0.2,0.0,0.2,0.4,0.2,sad
31AB6E98-ADCA-4717-A3E5-F10028D43FAF,0.115,0.0,0.24,0.355,0.28,sad
3A51B114-8B00-4978-BD96-012F91E83FD7,0.17,0.06,0.22,0.11,0.44,fear
408586C8-A3C0-424F-8D74-875C73E9B82F,0.17666666666666667,0.04666666666666667,0.20000000000000004,0.18666666666666668,0.38333333333333336,fear
4A392AED-AE87-498E-ACA9-75773314FC86,0.031,0.034999999999999996,0.077,0.15,0.7030000000000001,fear
0C9D8395-C04C-4BCE-A1A8-99AA31488CBA,0.2,0.0,0.2,0.0,0.6,fear
41C1AA14-AE1D-4FAB-B09E-56FF61F15161,0.09,0.085,0.11,0.1825,0.535,fear
B43B57FA-C999-42B4-9CD8-C0DE0274F1F1,0.0,0.0,0.08,0.67,0.25,sad
9C3199C7-ECCE-4F5C-B729-D4445EBBC9FD,0.05333333333333334,0.023333333333333334,0.2466666666666667,0.16666666666666666,0.5099999999999999,fear
476E532E-8E45-4077-8621-7482F9F6033A,0.05,0.0,0.09,0.23,0.64,fear
421CDD5E-A312-440F-8D36-FB4BB71D6CFD,0.1,0.1,0.0,0.5,0.3,sad
032D80C8-169C-4DDC-9F16-54D8CB93F5D1,0.08,0.2833333333333333,0.03333333333333333,0.11666666666666665,0.49333333333333335,fear
46B938F2-4AEA-4B5E-8D9B-B92248BC26C6,0.08,0.013333333333333334,0.06333333333333334,0.42333333333333334,0.42,sad
BF1B3655-C232-48F6-9BA8-C39740FB361E,0.05666666666666667,0.02666666666666667,0.04,0.05666666666666667,0.48666666666666664,fear
DE857E06-E2C4-43E3-A92C-D0F6398208F7,0.0,0.0,0.0,0.0,0.0,happy
320A2A75-190E-48F0-B55F-9B6F099DC74E,0.21000000000000002,0.124,0.092,0.21200000000000002,0.358,fear
B180250B-45AE-45B5-9E90-9CF442D547F2,0.0,0.14,0.29,0.14,0.43,fear
E92E831F-06BF-4CBA-8F6E-A3F083C466F4,0.5425,0.005,0.02,0.0375,0.395,happy
46768543-0085-4517-B845-9EB4E9E6A90E,0.0,0.07,0.07,0.29,0.57,fear
237455AE-F085-4BCB-86F7-DEF4392D7849,0.08,0.0,0.19,0.35,0.38,fear
267500D2-1072-4C07-BFFF-51AE6C8E5558,0.25,0.0,0.0,0.12,0.62,fear
6A0D4B1A-6DF7-4E5A-A4F1-8671AC8A7D91,0.06,0.0,0.44,0.17,0.33,surprise
0A839ECE-4576-4C99-AA29-779204C1699E,0.1357142857142857,0.032857142857142856,0.10714285714285714,0.18714285714285714,0.39428571428571424,fear
881BAA2E-2051-4B9F-93D6-1732CC242823,0.135,0.0,0.0,0.41500000000000004,0.45,fear
9ABF135D-6209-462E-B12F-9291EEEE0709,0.17,0.07833333333333334,0.043333333333333335,0.3333333333333333,0.375,fear
86A10344-5679-4E45-8802-D230D1804D07,0.06666666666666667,0.17666666666666667,0.02666666666666667,0.19000000000000003,0.5233333333333333,fear
7B04C667-7491-4383-A113-EE17D74BF1B4,0.375,0.0,0.0,0.125,0.5,fear
9647DD4D-5637-4DB6-A3B2-1C1628E0BC07,0.0,0.0,0.25,0.25,0.5,fear
0C6D95FE-801C-481D-82D1-E95723ABAD28,0.0,0.0,0.0,1.0,0.0,sad
D53FCADA-964D-4457-8B46-4381BC89F9EA,0.0,0.0,0.22,0.17,0.61,fear
0562957F-D645-4443-B810-51C05B201798,0.0,0.04,0.305,0.04,0.615,fear
F04FE90C-BAB9-445E-83F2-DD0B4C4AB6B6,0.0,0.08750000000000001,0.0525,0.22500000000000003,0.3825,fear
1596B025-62B5-4DFB-9721-9E50757C12B7,0.0225,0.0825,0.175,0.2125,0.505,fear
2230D84E-00F7-4B03-8AD7-E274687802C7,0.15,0.05,0.2,0.2,0.4,fear
45A2C2F5-EA3B-439D-B9DA-BD629671312D,0.0,0.0,0.12,0.76,0.12,sad
7BC5CE48-0C92-4344-B5A5-522BCEFFD764,0.09,0.0,0.03,0.45499999999999996,0.425,sad
7242CA97-59DE-40D3-A1CD-0252D166A194,0.085,0.0,0.125,0.04,0.75,fear
0DFC8AB7-D264-453F-A2B7-4BF6BA2F036C,0.0,0.0,0.38,0.25,0.38,surprise
E0C4E45F-C1C6-49A1-B32A-136414BF2C95,0.0,0.0,0.0,0.25,0.75,fear
CD5A4B58-897E-4785-93F4-F2BD9A7321C3,0.07,0.11,0.10666666666666667,0.33666666666666667,0.37333333333333335,fear
A7F59AE9-C911-49A9-A6C4-D024CADCFA9F,0.12,0.03,0.09,0.36,0.39,fear
BCD286F4-11BC-4C08-A4D1-5E906BDF73DE,0.0,0.0,0.19,0.38,0.44,fear
128E9691-7C83-4307-9165-DDBBCC0F1AA2,0.12,0.025,0.26,0.15,0.44500000000000006,fear
4F4A2BE5-1133-4DA4-8333-48FA1D7261E8,0.08,0.055,0.042499999999999996,0.2,0.62,fear
0CBF7E88-D89F-4A0E-9163-EC8D8CDCFDA5,0.05666666666666667,0.0,0.14666666666666667,0.11333333333333334,0.68,fear
F5393989-4FAF-4B0F-BD99-D792D115D738,0.0,0.07,0.24,0.33,0.36,fear
36F335E2-DC7A-4270-99ED-591BAB6F8660,0.06,0.005,0.055,0.1525,0.47250000000000003,fear
533525BF-669F-49A5-BB4B-9891877ECD8E,0.0,0.0,0.0,0.38,0.62,fear
A00C9841-07D9-4072-B7B9-46FA30E46FA9,0.11666666666666665,0.02,0.11,0.32666666666666666,0.42,fear
CC9F7528-D030-4383-855C-8B0987B224E8,0.07250000000000001,0.0525,0.0825,0.07250000000000001,0.47250000000000003,fear
DD256373-96AC-4ECA-B41C-89CE41BF76DE,0.0,0.0,0.0,0.0,1.0,fear
0A9102F5-07CB-43A5-AA81-CAB8FF803D4C,0.0,0.0,0.08,0.17,0.75,fear
05C46054-9657-4117-9F65-1B3488FB43BA,0.02,0.02,0.02,0.36,0.575,fear
C41056B7-F7E3-4287-AF7B-FDCA5C85F3F7,0.012,0.132,0.156,0.078,0.622,fear
705AD18F-6094-46A9-913E-DEC02CDDAF79,0.0,0.0,0.0,0.0,0.0,happy
48946780-ABF1-4938-A0E0-EA5F493FFD24,0.0,0.0,0.0,0.18,0.82,fear
414FC013-2A62-420A-ADC9-66714B3DADF1,0.12,0.2,0.0,0.12,0.55,fear
9D257631-927D-4DC3-A7B1-AF7291AA46F4,0.0,0.0,0.5,0.0,0.5,surprise
7B004376-405B-4D06-BE98-45A693FB1F27,0.555,0.0,0.055,0.165,0.22,happy
0B937FA5-7E27-4170-A71F-55D21EEDB2FC,0.095,0.0,0.02,0.34,0.54,fear
ADE7D2BD-1058-4F0E-9AFB-3CBDA4F61EEA,0.0,0.125,0.25,0.0,0.625,fear
A3A2F1F0-7144-4E1E-8F09-9B33991E3068,0.1,0.0,0.0,0.35,0.55,fear
1D1AFACD-EFE9-4494-9538-E46CFDE4FB6A,0.023333333333333334,0.11,0.023333333333333334,0.24333333333333332,0.6,fear
F5CCFD4E-8325-49EC-9F57-7C8FF4A1796C,0.055,0.0,0.14,0.085,0.7250000000000001,fear
69D9E1A7-0E31-4CF2-B882-1259ABBB410E,0.05,0.05,0.15,0.25,0.5,fear
A1A588D8-E9F5-4E1B-B2B6-FF27547C33C8,0.0,0.0,0.0,0.0,0.0,happy
B412622B-0881-4F89-9BA3-1837CDFBFEB9,0.0,0.0,0.25,0.25,0.5,fear
67E18026-C2D7-4039-96B0-70AD1AF97746,0.2,0.03,0.17,0.23,0.37,fear
84B8605E-9758-4DBF-9247-383C75CA3D26,0.045,0.0,0.155,0.14,0.655,fear
050A9760-09CE-46D2-8329-6ACCC52C032C,0.03,0.05,0.07,0.47,0.38,sad
B6604026-F575-4E7F-8CCA-FCA5677649F2,0.07,0.0,0.23,0.37,0.33,sad
39F62E8D-E072-46AE-8835-36B4B692C3A3,0.055,0.01,0.14,0.28,0.515,fear
98F9A6EA-3231-4C71-ACBF-24702F6ED3F2,0.08,0.03,0.20500000000000002,0.225,0.45999999999999996,fear
FA39C17A-B159-40EA-84EA-E89C6930E887,0.15,0.0,0.1,0.12,0.62,fear
8AC41FEF-DB9D-42BA-B2F2-9DB234CA69B0,0.07,0.0,0.07,0.36,0.5,fear
AE42A1AB-B44A-4EBC-B3C2-7ABCD288E3FD,0.13,0.0,0.105,0.0,0.265,fear
C4F56AC8-2D1A-46B1-87DA-3D2BCD6FEC3E,0.0,0.0,0.0,0.14,0.86,fear
8490893E-DB1A-4769-8E07-6800730D6A10,0.33,0.0,0.17,0.0,0.5,fear
3B39E4C6-3175-4052-A3D2-5C624BA799EB,0.05,0.0,0.1,0.2,0.65,fear
F02CC475-ABC4-4558-A756-0D071A48E66C,0.15,0.0,0.18,0.32,0.35,fear
32694786-F12A-4D8D-BB22-0AEA05367019,0.225,0.01,0.15000000000000002,0.055,0.56,fear
014A3667-62C7-408E-914E-53E8F43A7049,0.12666666666666668,0.006666666666666667,0.35000000000000003,0.27,0.24666666666666667,surprise
8A64085F-172A-477B-8219-F7BE04F639B8,0.11,0.0,0.22,0.11,0.56,fear
4D37F17A-395A-4670-8B9B-574ACC587A38,0.0,0.33,0.0,0.33,0.33,angry
E6061A31-5B1B-4CB9-8B8B-5D5476CC4B1E,0.12,0.06,0.19,0.12,0.5,fear
8BAEDF05-BF60-4420-B05D-0F4701B604EB,0.05,0.0,0.25,0.15,0.55,fear
0F5FE337-4CBD-4EF7-8FA3-28C530B3751E,0.05,0.09,0.36,0.14,0.36,surprise
CA8ABEF7-9761-4C18-B675-846E494DA41E,0.09,0.09,0.14,0.23,0.45,fear
DBF6A910-2E09-4DF1-9E0B-E8BE37867165,0.0,0.0,0.3333333333333333,0.16666666666666666,0.5,fear
589E8032-B058-4D88-B350-1446D7E2ED3B,0.05,0.05,0.0,0.05,0.86,fear
8BADCF37-445A-4F14-ABE2-E616BDAF65E5,0.0,0.0,0.13333333333333333,0.04,0.49333333333333335,fear
F02E6267-828F-403B-A78E-462692183842,0.0,0.0,0.15,0.31,0.54,fear
DED6BCF2-9027-41D0-9C81-34A5FA02DEEE,0.0,0.08,0.15,0.23,0.54,fear
3E4B9265-B6AA-45D1-A05E-1A5618FCC58D,0.14500000000000002,0.01,0.095,0.10500000000000001,0.6499999999999999,fear
50E19FBE-AF7A-4097-BA16-F4A7A7529952,0.0,0.0,0.11,0.22,0.67,fear
8E02DCEF-3900-4F06-B83F-42CAC88E97AC,0.0,0.0,0.17,0.0,0.83,fear
DFC7BAA6-51FE-45F1-B2C3-6E7FCEF891E5,0.0,0.0,0.0,0.0,1.0,fear
C4D05CF3-88EF-44CB-9AB0-4E8CFBE423CB,0.14,0.0,0.33,0.24,0.29,surprise
79CD338A-0DCA-4F62-BD6E-BBBF8E087B00,0.06,0.12,0.29,0.18,0.35,fear
4FAEA2AB-1376-44AB-81FD-5311CAEF7016,0.0,0.0,0.43,0.21,0.36,surprise
D91506EC-BFC5-4BDF-8823-12CD84B3C231,0.07,0.0,0.043333333333333335,0.21,0.6766666666666666,fear
CF3011AB-E5AF-477F-840A-17736C40C4D3,0.19,0.03,0.1,0.39,0.29,sad
CF47A0E4-73F3-49F2-8284-3354913D5A42,0.14,0.03,0.05,0.22,0.55,fear
E6285C77-C8E0-44AA-8252-03520630092D,0.095,0.0,0.1,0.25,0.5449999999999999,fear
31DD4EB6-C755-4E22-8CBE-6AA4EE28074E,0.0,0.1,0.2,0.1,0.6,fear
F4D3AE19-C191-4B4C-8063-945C4BEF61BA,0.0,0.0,0.0,0.0,1.0,fear
C5F35E9E-8946-44E8-BDB8-2E4478857175,0.0,0.0,0.11,0.44,0.44,sad
156831B8-199C-4DD6-BEFF-CEAE7EB8E017,0.01,0.01,0.10333333333333335,0.22333333333333336,0.65,fear
5CA1DD52-42E5-4DF6-BF91-AEBA3E4B89F6,0.08,0.0,0.08,0.08,0.76,fear
4C73A4DE-5C46-4786-BDB4-D004E083C043,0.105,0.025,0.19,0.51,0.165,sad
D4C7B43F-4FC8-47B4-9B4E-8C46E9C01D7F,0.22,0.0,0.0,0.22,0.56,fear
B71AE30D-D019-4C59-B533-81AF79E507AD,0.16333333333333333,0.03,0.06333333333333334,0.27,0.47333333333333333,fear
55674142-2790-4DC5-B479-65691E8A917D,0.055,0.025,0.055,0.105,0.765,fear
A39BC446-0560-4AF7-B3FB-6DB708A9E8AB,0.19,0.04,0.22,0.11,0.44,fear
92469B8E-198B-44B5-B242-A2C9A73BAD69,0.09333333333333334,0.0,0.07333333333333333,0.26,0.5766666666666667,fear
22828216-E831-4CF3-84E1-0DE94C7A1C85,0.12000000000000001,0.0,0.05,0.37,0.45499999999999996,fear
E64AAA2A-CD86-4979-8835-D24DA878C3D9,0.05333333333333334,0.023333333333333334,0.20666666666666667,0.03,0.35333333333333333,fear
26BBC152-F0A6-4D1C-8744-E4A65641E7EE,0.09,0.0,0.18,0.18,0.55,fear
5E5509AC-CD48-4125-832A-14F2E3106A34,0.015,0.0,0.5425,0.135,0.3025,surprise
202EAB8C-5F99-442F-82A0-E72C2AE98933,0.5,0.0,0.0,0.0,0.5,happy
78B0443E-D6B4-422A-9985-47375968438B,0.06,0.06,0.25,0.19,0.44,fear
40FF400E-5C34-45A5-91BC-8355406DCB50,0.24000000000000002,0.25,0.14,0.12000000000000001,0.24000000000000002,angry
5ED0590F-4180-4DDE-B2E7-55C2A654B26E,0.0,0.0,0.0,0.4,0.6,fear
9E00A346-E0D8-4574-B0DD-9FC6CFCCD51F,0.09333333333333334,0.0,0.13999999999999999,0.13999999999999999,0.6333333333333333,fear
ABD7D2BA-8F94-4083-A8E0-370740A6BF5B,0.2,0.0,0.0,0.4,0.4,sad
30DA2CDD-217E-42F9-A420-7C5BF0AEC1DD,0.0,0.0,0.31,0.19,0.5,fear
A2F88F0B-1E33-4ED6-9030-3FB9C08C386F,0.11,0.0,0.11,0.22,0.56,fear
CEC61F0C-A5A2-406E-BCB8-3F0F174F43A5,0.105,0.045,0.11,0.25,0.485,fear
184B6CC2-6588-45F7-A1BF-46604E39C2C1,0.0,0.0,0.0,0.2,0.8,fear
09A693E9-C5C3-4280-BF1C-DAD950591035,0.0,0.0,0.19,0.38,0.44,fear
CA54DC45-06B6-42B4-92AF-48DD3A68B3D2,0.0,0.0,0.21,0.07,0.71,fear
EBD85D9E-B25E-44DB-8C56-5E00AB904554,0.0,0.02,0.06,0.18,0.74,fear
C74619DA-B5D4-4560-98FF-52C646670FDD,0.0,0.0,0.0,0.0,0.0,happy
26A7C1AB-EE00-4A53-9E7E-124B2A30FEC0,0.4333333333333333,0.03333333333333333,0.05000000000000001,0.20333333333333334,0.27999999999999997,happy
69A26315-54E6-4874-8EF6-C15D56735962,0.0,0.08,0.23,0.23,0.46,fear
59333BEB-2F48-4438-BC8D-0A28CD16D454,0.11333333333333333,0.17333333333333334,0.26333333333333336,0.32666666666666666,0.12666666666666668,sad
4FC357CA-F761-4A3A-9C07-A30C6F8A20A1,0.0,0.0,1.0,0.0,0.0,surprise
346C3FDB-0D32-41D3-9F5C-098044D2DB54,0.04666666666666667,0.11666666666666668,0.06,0.30333333333333334,0.47,fear
10076F38-6FA3-4F36-B3FE-B238D7B843AE,0.1,0.07,0.03,0.31,0.48,fear
3247BEED-068A-4055-BDC9-B9BBDF4AD81E,0.065,0.035,0.035,0.065,0.8,fear
6CBEC910-A795-4B69-AE86-16D03AC416EF,0.0,0.2,0.6,0.0,0.2,surprise
FF68BE1C-FA86-40FA-B184-3A994834DE92,0.0,0.0,0.25,0.62,0.12,sad
78170A63-6777-4A53-86FE-62982DED9A2D,0.0475,0.04,0.4825,0.2025,0.22499999999999998,surprise
337A49B8-B3FA-49B7-9518-58DBAA3A344B,0.0,0.07,0.36,0.21,0.36,surprise
02F6358C-C494-42CA-867F-496A25A3B5C6,0.03,0.0,0.03,0.09,0.85,fear
42286CAD-9F9A-46A9-973D-D7D9ED6857F6,0.0,0.0,0.0,0.0,0.0,happy
64D0E3F2-47CA-4607-A283-92C7EC4D488D,0.1,0.01,0.12,0.14,0.625,fear
060FF574-4055-40BC-9BB3-BB16D7559609,0.05,0.0,0.16,0.37,0.42,fear
0BCD652C-FEE0-4BFF-9956-59B3440A4298,0.02,0.015,0.09,0.38,0.495,fear
0262CC3B-BB9A-458A-AEB9-ED0666E64DC7,0.0,0.0,0.0,1.0,0.0,sad
37B2E065-8172-4E11-8B5E-7E5C3BEFE9BA,0.0375,0.005,0.11750000000000001,0.2525,0.5900000000000001,fear
104115C4-94E5-4586-BF51-55107199C79D,0.1,0.05,0.15,0.3,0.4,fear
6A9B4015-E628-44D7-ABBD-3C5998CFE088,0.0,0.0,0.0,0.0,1.0,fear
D484274C-46A9-40DA-8AFB-A51EE577489A,0.14,0.0,0.57,0.0,0.29,surprise
1EA109B9-D1CF-4918-A54A-65C9CAA03225,0.03,0.0,0.14,0.315,0.515,fear
C13AD687-D15A-48FD-BEA8-7A7EEC6F10F3,0.135,0.07,0.08,0.2,0.51,fear
FCC278F8-6CF1-48F6-AC44-85211ED35234,0.05,0.0,0.11,0.10500000000000001,0.73,fear
35B3E7F9-2E6A-420B-9803-B71C6EEF49F3,0.095,0.165,0.11,0.095,0.53,fear
A02BE30C-5560-4082-9A37-B996982F80AD,0.17,0.07,0.07,0.24,0.45,fear
225250C3-06AE-499C-A6B5-EFEB1DC90BCB,0.12,0.013333333333333334,0.023333333333333334,0.4766666666666666,0.36999999999999994,sad
8EDB5BAD-86AC-4E5D-8E52-5B9F32C4717B,0.14,0.0,0.43,0.14,0.29,surprise
0BC28D00-7D21-4FA5-9E19-7EF3442A6937,0.22,0.0,0.22,0.11,0.44,fear
3BE1992D-3D84-44A2-BCB7-BFB22EAAF340,0.14,0.0,0.19,0.24,0.43,fear
3F2897DC-878C-453A-9C9E-EECA4666DBF5,0.0,0.0,0.0,0.0,1.0,fear
3C4A3837-29E4-4EFC-BD6A-71187EE7FE47,0.01,0.023333333333333334,0.09666666666666668,0.22999999999999998,0.6433333333333334,fear
807C7837-74E0-4FFA-BBD9-E297B6377C61,0.0,0.0,0.0,0.0,1.0,fear
C2A9D3F4-3E7E-40CC-B603-78010D6ABE74,0.1,0.05,0.15,0.33,0.36,fear
C6260730-74D8-4419-A983-879BEF071F1F,0.0,0.08,0.15,0.23,0.54,fear
EE939CC5-1C26-4AD4-A046-9194BBBFE81B,0.0,0.0,0.0,0.0,0.0,happy
31B0FA49-1591-48ED-91C3-A8349BBE061E,0.28500000000000003,0.0,0.085,0.185,0.45,fear
5EF36FB5-2356-403F-82C0-128F66532D1C,0.09000000000000001,0.07333333333333333,0.08333333333333333,0.26,0.49333333333333335,fear
8173BBA2-D43E-46BE-ACEB-621D1C0B0177,0.05,0.02,0.03,0.28,0.615,fear
FDB4F4C3-718F-4FAB-8C61-8D8658D53CFA,0.1,0.0,0.5,0.1,0.3,surprise
4FB39207-770A-4652-A5CA-A8626396D485,0.0,0.0,0.0,0.2,0.8,fear
63BA68C5-A13F-42C2-9012-CFBBEC1B7CE1,0.1,0.0,0.14,0.24,0.52,fear
D1213DA1-C4F3-45C3-BAFD-EB3BFBE09EF0,0.08714285714285715,0.015714285714285715,0.024285714285714282,0.09714285714285716,0.4928571428571428,fear
3C0A7297-0071-4CFC-AD9E-BD658B168B33,0.06000000000000001,0.044000000000000004,0.22599999999999998,0.152,0.318,fear
F8D22825-BFB0-4169-839E-C7DF487A5FB3,0.03,0.08333333333333333,0.13,0.08333333333333333,0.6766666666666667,fear
CEFE5FA2-F8EE-4B5D-B6F3-BB48D4B4FC87,0.11,0.11,0.065,0.405,0.31,sad
8EA92CAD-777A-47DC-9DF2-1A773273A9B4,0.22,0.0,0.11,0.33,0.33,sad
3E1976F5-B345-4517-891C-6FD221F6B523,0.0,0.0,0.0,0.0,1.0,fear
5FBD9414-C7FB-4EED-9A0E-42C270930791,0.4833333333333334,0.0,0.06,0.22,0.23666666666666666,happy
D38FDB85-9B72-47A8-8190-C58FBEB05886,0.125,0.0,0.095,0.4175,0.36,sad
02284776-6D50-459B-9EF6-A2AB2AE423FA,0.05,0.03,0.18,0.34,0.39,fear
CAC45B1A-D68E-4413-92B6-726DC3FF6857,0.125,0.0,0.11499999999999999,0.385,0.3775,sad
3FDD5EEA-F3FF-4BD3-96B4-4F02264E9F9C,0.095,0.055,0.145,0.225,0.48,fear
F3E12A4E-4A7A-4049-BEDB-C929494B01C4,0.11,0.04,0.09,0.14,0.62,fear
DD61CA5C-177C-4A60-8C85-2703C6C5EA2D,0.075,0.055,0.205,0.11499999999999999,0.545,fear
68338326-9B39-4BF9-B83A-B14EA5EBE4ED,0.1,0.0,0.27,0.245,0.385,fear
A4ADA98C-6973-4EAD-8CB6-328AAC44BE4D,0.10666666666666667,0.12333333333333334,0.056666666666666664,0.30333333333333334,0.4066666666666667,fear
17D12241-D09B-4D9F-9319-47D3BE484042,0.1,0.07,0.07,0.34,0.41,fear
D018AC8E-2FD9-45A4-9842-8891468C1582,0.0,0.0,0.12,0.0,0.88,fear
EC0BD100-997A-44C6-A76E-193653F1DD7D,0.034,0.066,0.13999999999999999,0.312,0.246,sad
384B5FFE-6493-4003-88FB-2964E5D925B3,0.25,0.0,0.25,0.0,0.5,fear
70458713-8CDC-4FD6-8A7A-C10CFB18D1AF,0.0,0.0,0.0,0.0,0.0,happy
5325B6FC-A622-4CD9-8A03-9ED84EB7B4BA,0.05,0.0,0.1,0.195,0.655,fear
D8017E46-5CE2-4C2F-81A2-0E51C4C2F44D,0.05,0.0,0.05,0.32,0.59,fear
E67048D4-C077-48EA-9E8E-0FAC1308C949,0.1875,0.0025,0.052500000000000005,0.2625,0.49,fear
342E2761-D84F-4E47-91B3-B0B518A01EB8,0.0625,0.0125,0.052500000000000005,0.075,0.7975,fear
B3717CAF-43D0-4C76-A4A4-CAE0919AEEEA,0.065,0.0,0.16999999999999998,0.2,0.56,fear
DFDF0FE9-E341-4BF8-A4E8-67DF52CC52F9,0.0825,0.0125,0.4375,0.10500000000000001,0.36250000000000004,surprise
B0B0651B-07F4-49E0-A5BB-A4364E816088,0.1,0.1,0.0,0.4,0.4,sad
13A263B5-EBFA-41CE-8BE9-16D85F03FA00,0.1325,0.0425,0.10750000000000001,0.2,0.51,fear
F2887CD6-E75A-4F03-BB0D-FF6F3829C0BA,0.43,0.0,0.0,0.3,0.26,happy
F3527243-B9DB-466B-9FF1-D36B6850AA2C,0.0,0.0,0.17,0.39,0.43,fear
48D33233-4F43-4F0F-AC76-E488295A0124,0.07,0.0,0.15000000000000002,0.115,0.675,fear
D8145865-F15C-4821-AAA0-68185A9112C8,0.08,0.04,0.29,0.14,0.45,fear
42035731-DEFD-464D-894F-45B05EC1F12E,0.06,0.0,0.22,0.17,0.56,fear
EC14C924-95AC-4839-93A9-DE2AE7A0199A,0.25,0.065,0.17,0.13,0.385,fear
6029B2D1-0F3B-44AC-9C16-B98A0F7B77E3,0.045,0.06,0.1225,0.2525,0.52,fear
94421E12-FB6D-429D-9A99-44C6EB37BCA8,0.17,0.0,0.0,0.67,0.17,sad
2A1EC58E-029A-4A47-94A9-46ABA75E4A6B,0.075,0.03,0.1,0.195,0.605,fear
5798EDB1-9EF1-4916-AE19-54F2C2B037AC,0.0,0.06,0.12,0.24,0.59,fear
A0C7E4D6-35BC-4E54-ACE5-DC0C24C50249,0.5,0.1,0.0,0.2,0.2,happy
D084EFAF-7425-41BB-AE75-789210A14069,0.33,0.0,0.0,0.33,0.33,happy
8668E2C4-CC75-41E3-83B1-DE30039831F3,0.07,0.0,0.14,0.0,0.79,fear
0FF9C281-A7B1-428C-BB8C-1AE7BC2671FE,0.0,0.0,0.07,0.145,0.7849999999999999,fear
BFE22CEB-EA76-4BA1-8239-45831BE38774,0.0,0.0,0.0,0.0,1.0,fear
9513FD40-2D4B-4FE4-8636-9DC6113271B6,0.0,0.12,0.25,0.0,0.62,fear
72A54ED2-4363-46D2-8FDE-6A57857B7CAD,0.1366666666666667,0.006666666666666667,0.14333333333333334,0.31666666666666665,0.3933333333333333,fear
94E13CE6-0907-474F-AC81-253AE3456C55,0.04666666666666667,0.043333333333333335,0.16333333333333333,0.22666666666666668,0.5233333333333333,fear
1AE3C805-6EEC-4356-AB22-CA0D3FD2F3AB,0.23,0.02,0.11,0.25,0.39,fear
B5766064-ACC2-46D2-86E3-7F9FA6384DD0,0.17,0.17,0.17,0.33,0.17,sad
ED32E8F1-9D0D-442B-989E-F68B71437053,0.0,0.0,0.25,0.0,0.75,fear
3047182C-A3A1-4612-A2F1-188DC7081170,0.0,0.0,0.15,0.38,0.46,fear
B5A613E2-8596-44ED-B82E-E7A99D2A3F6C,0.21,0.07,0.0,0.29,0.43,fear
EEAC46EE-2F86-44FC-B973-B96AF80CC16E,0.25,0.0,0.25,0.0,0.5,fear
C2551C73-F450-4558-83B3-84290E5F5FE5,0.06,0.06,0.12,0.29,0.47,fear
A32ABADB-FCC1-43FF-B6A4-A3887A115F20,0.075,0.0,0.095,0.02,0.81,fear
096DAB41-F210-4E1E-A891-A41A9C016122,0.0,0.1,0.4,0.1,0.4,surprise
B11CCCE3-77EE-4F3F-BEE2-29567E19BD2E,0.36333333333333334,0.12,0.02666666666666667,0.28,0.20666666666666667,happy
BCA80F36-0DA7-44F2-A187-D13B001CECFF,0.12333333333333334,0.06666666666666667,0.22333333333333336,0.13333333333333333,0.4533333333333333,fear
FCF23A23-2DEF-4630-9E8E-A94DA82F45BD,0.0,0.09,0.18,0.09,0.64,fear
22266456-D505-4F74-8448-80FBE2DA429D,0.0,0.0,0.25,0.38,0.38,sad
02F049C2-5E44-420A-A279-FAE274018810,0.0,0.0,0.0,0.0,0.0,happy
B4318E01-92DD-43E7-AF11-61BE3F642639,0.125,0.0,0.085,0.26,0.53,fear
69CE4A97-5EA0-41E0-B07B-880A838DC7F7,0.0,0.2,0.2,0.2,0.4,fear
ECA696B8-DA9C-4DC4-87F4-8AAF6A043DAA,0.03333333333333333,0.11,0.3666666666666667,0.16666666666666666,0.31666666666666665,surprise
398FBEB1-25F4-46AF-B388-208021CF77FB,0.03,0.015000000000000001,0.1525,0.1725,0.625,fear
A19F41AA-9041-4B10-8251-3108DD17DF53,0.348,0.024,0.194,0.18000000000000002,0.254,happy
92ADFE35-99B7-4D03-AA30-C5D51741BC5B,0.0,0.0,0.18,0.21,0.61,fear
09399153-F178-4F3A-8CBF-B88F37A9ED27,0.05,0.0,0.05,0.42,0.47,fear
13B191A3-0605-4A4C-AE70-DAC9E1BA718A,0.05666666666666667,0.05499999999999999,0.041666666666666664,0.20833333333333334,0.4749999999999999,fear
E48FDF5C-7715-42A1-8512-5F4F84E849D1,0.0,0.0,0.0625,0.0,0.1875,fear
CD740E83-C856-439A-9C2B-45255DF7B163,0.0,0.0,0.0,0.33,0.67,fear
E8DD9202-BF8F-42D4-8AE4-C042848A6340,0.10500000000000001,0.030000000000000002,0.12,0.2575,0.48750000000000004,fear
FD78CFA8-FCCD-4F2D-BC8E-FE32B51CCB58,0.0,0.0,0.1,0.3,0.6,fear
8850E025-35F2-475F-AB5D-66024B7E1F88,0.17,0.13,0.22,0.26,0.22,sad
52E909F6-76DA-45E9-8B2A-98D1A2A88738,0.04,0.12,0.04,0.19,0.62,fear
D742B369-CA9F-4CF1-95F1-A4E9F098527B,0.0,0.0,0.33,0.0,0.67,fear
BD70715C-B319-49C6-B4D3-11CCE5BDC39E,0.08499999999999999,0.045,0.14,0.195,0.535,fear
4D1AA81C-76E8-46EC-B581-8EDB6BE50CFF,0.2,0.2,0.2,0.0,0.4,fear
36C20385-7FB8-4BD2-BC05-92CCF07F02EB,0.0,0.08333333333333333,0.25666666666666665,0.12,0.54,fear
38A443EE-296C-4C61-893E-F109FE16F349,0.135,0.025,0.12000000000000001,0.14500000000000002,0.5800000000000001,fear
6BDFFF82-0BA8-4733-ACE7-EFB38A2BC30A,0.12,0.09,0.21,0.27,0.3,fear
5ABF2CEA-D340-4141-A14C-51863256607F,0.0,0.0,0.33,0.33,0.33,surprise
8BBC1C62-312A-4D29-AEB5-340B73C814C7,0.09666666666666668,0.0,0.37000000000000005,0.07666666666666666,0.4533333333333333,fear
08023763-92D9-4184-9D07-8864F209CCE4,0.0,0.0,0.33,0.0,0.67,fear
C7522E03-7E8F-4BD3-BA82-95727D040D1D,0.12,0.08,0.04,0.29,0.46,fear
5C0F1E8E-50C9-43BC-BF9C-85324F39C6B1,0.0,0.09,0.09,0.36,0.45,fear
8B52D59C-5237-4A76-939F-4737B82F63E3,0.17,0.11,0.09,0.13,0.51,fear
A37F28A4-0894-4140-A619-4404ED790012,0.14,0.0,0.24,0.24,0.38,fear
2DF5136C-B4D4-4C79-A7D2-5E764C4BCD71,0.0,0.0,0.0,0.5,0.5,sad
BDF54C58-F509-4041-BCB1-3FF497D1C9A2,0.17,0.0,0.0,0.33,0.5,fear
C4C3F561-A2DD-4969-8B05-BF971DEF7FBC,0.0,0.0,0.0,0.0,0.0,happy
641A4056-ECEB-4E72-BB97-F702F4799904,0.05,0.0175,0.1525,0.3175,0.46499999999999997,fear
CA78067A-1DC4-4D0E-99C9-AD88A103401D,0.0,0.0,0.0,0.0,1.0,fear
AF39FA72-308D-411E-967A-7CC805295EF7,0.0,0.0,0.2,0.5,0.3,sad
7F82ED88-981E-4A9F-96BA-FE9F8DE7BD6A,0.0,0.0,0.12,0.38,0.5,fear
C2DF1DCE-56AD-4983-9609-012EE569D3C2,0.12,0.0,0.0,0.12,0.75,fear
0A6DBF7D-B07E-4B72-AB0D-6B5F287B6750,0.0,0.0,0.0,0.27,0.73,fear
A42BE6A9-A9F1-4165-BE1C-EA0CB5246426,0.13,0.0,0.04,0.35,0.48,fear
69A5F848-0DB7-4F6F-AB28-53BD9BD2920E,0.03,0.08666666666666667,0.049999999999999996,0.18666666666666668,0.6466666666666666,fear
052185D3-CA20-4624-BB77-7FBBDDABF865,0.16,0.0,0.05,0.16,0.63,fear
0494FBDB-4F68-477E-9C00-19FE1AE9CF51,0.065,0.0,0.065,0.065,0.8,fear
264AF694-B513-4CAF-8112-4DF521E87736,0.08,0.045,0.15000000000000002,0.25,0.48,fear
47BA16A9-A8D0-40B1-832C-93936FEA7C1B,0.146,0.002,0.308,0.18,0.362,fear
6238A773-BA4D-451F-87F1-DEC8BDE7DE37,0.05,0.0,0.15,0.35,0.45,fear
E2EC949F-5A15-4AAC-A1C5-CD391965185C,0.1,0.01,0.085,0.26,0.5449999999999999,fear
C2A8486A-38B6-4A73-9A77-52412FA355F4,0.0075,0.14,0.12000000000000001,0.2525,0.2275,sad
AD54955C-3CEC-4A64-BFB7-1D3EB43CD4D3,0.22,0.11,0.11,0.0,0.56,fear
486F0FD4-C2DF-449D-9E1F-3C5F04DCF5D0,0.105,0.01,0.095,0.2,0.59,fear
AA140245-83D2-49E6-AD12-6103981ABF40,0.0,0.0,0.0,0.0,0.0,happy
850A69E6-D967-4ABF-983B-89C4AB2C27E9,0.06,0.06,0.06,0.44,0.39,sad
F7A502B2-E6DA-4BBD-823C-4F48B972CF24,0.0,0.08,0.0,0.42,0.5,fear
C48B7CBE-641B-4B72-AFF4-E6CC8550C36A,0.12000000000000001,0.055,0.045,0.5449999999999999,0.24000000000000002,sad
C9B098B9-3577-458C-BD3E-55237E695F03,0.20500000000000002,0.0,0.04,0.2,0.56,fear
BCF84FBF-AD89-41D5-97D0-B863BF1E6671,0.06,0.0225,0.4125,0.08249999999999999,0.16749999999999998,surprise
A2280B2F-11AC-485B-B81F-4781BF590284,0.2,0.0,0.13,0.27,0.4,fear
BE141333-CEAE-4B22-80C4-E969C402FF5E,0.14,0.14,0.29,0.29,0.14,surprise
3F3A724C-9501-4D2E-9C0B-E91CCCD131C3,0.06,0.03,0.06,0.49,0.37,sad
0A2D1056-37FB-418D-92B3-2B0DBB36DDE1,0.11,0.0,0.0,0.22,0.67,fear
531FD3FE-4691-4A58-BC30-F4D3C84C2B12,0.31,0.0,0.23,0.08,0.38,fear
