Happy,Angry,Surprise,Sad,Fear,emotion
0.12,0.06,0.09,0.26,0.47,fear
0.0,0.0,0.0,1.0,0.0,sad
0.08666666666666667,0.13,0.10333333333333335,0.3833333333333333,0.3,sad
0.0,0.0,0.1,0.5,0.4,sad
0.115,0.0,0.07,0.305,0.505,fear
0.0,0.0,0.25,0.125,0.625,fear
0.02,0.08,0.085,0.16999999999999998,0.635,fear
0.5,0.0,0.0,0.0,0.5,happy
0.09,0.025,0.08,0.48000000000000004,0.32499999999999996,sad
0.0,0.0,0.1,0.4,0.5,fear
0.36000000000000004,0.0,0.0,0.0,0.64,fear
0.04666666666666667,0.04666666666666667,0.3933333333333333,0.27,0.24,surprise
0.06,0.05,0.03,0.4,0.46,fear
0.0,0.0,0.0,0.5,0.5,sad
0.0475,0.0,0.03,0.4175,0.505,fear
0.04,0.0,0.04,0.43,0.5,fear
0.0,0.0,0.0,0.0,1.0,fear
0.175,0.0,0.22000000000000003,0.22000000000000003,0.385,fear
0.0,0.0,0.0,0.0,1.0,fear
0.25,0.0,0.12,0.0,0.62,fear
0.0,0.0,0.0,0.25,0.75,fear
0.0,0.0,0.0,0.0,0.0,happy
0.16666666666666666,0.0,0.0,0.5,0.3333333333333333,sad
0.2,0.0,0.2,0.2,0.4,fear
0.0,0.0,0.21000000000000002,0.165,0.625,fear
0.0,0.07,0.14,0.21,0.57,fear
0.06,0.15333333333333332,0.12333333333333334,0.18666666666666668,0.47000000000000003,fear
0.15,0.04,0.23,0.27,0.31,fear
0.11,0.22,0.06,0.22,0.39,fear
0.0,0.0,0.67,0.0,0.33,surprise
0.0,0.33,0.0,0.33,0.33,angry
0.13,0.0,0.13,0.26,0.48,fear
0.0,0.0,0.5,0.0,0.5,surprise
0.06,0.0,0.0,0.28,0.67,fear
0.0,0.0,0.3,0.3,0.4,fear
0.015,0.05,0.16999999999999998,0.315,0.445,fear
0.1,0.05,0.05,0.29,0.52,fear
0.31,0.06,0.06,0.25,0.31,happy
0.0,0.25,0.0,0.5,0.25,sad
0.09,0.04,0.17,0.22,0.48,fear
0.1,0.07,0.03,0.17,0.62,fear
0.12,0.08,0.04,0.2,0.56,fear
0.0,0.016666666666666666,0.08333333333333333,0.19000000000000003,0.37666666666666665,fear
0.0,0.0,0.0,0.29000000000000004,0.71,fear
0.17,0.0,0.33,0.17,0.33,surprise
0.12,0.03,0.12,0.32,0.41,fear
0.0,0.0,0.1,0.1,0.3,fear
0.055,0.0,0.055,0.155,0.7350000000000001,fear
0.0,0.0,0.12,0.38,0.5,fear
0.0,0.0,0.098,0.242,0.6599999999999999,fear
0.0,0.0,0.0,0.0,0.0,happy
0.08,0.0,0.12,0.2,0.6,fear
0.05,0.035,0.21000000000000002,0.135,0.5700000000000001,fear
0.0,0.0,0.07,0.285,0.645,fear
0.0,0.2,0.33,0.035,0.43000000000000005,fear
0.06,0.06,0.0,0.28,0.61,fear
0.0,0.0,0.0,1.0,0.0,sad
0.16,0.05,0.21,0.11,0.47,fear
0.09,0.27,0.27,0.18,0.18,angry
0.0,0.18,0.09,0.36,0.36,sad
0.0,0.0,0.0,0.5,0.5,sad
0.0,0.08,0.08,0.77,0.08,sad
0.5,0.0,0.0,0.5,0.0,happy
0.065,0.07,0.14250000000000002,0.16,0.31499999999999995,fear
0.0,0.0,0.0,0.5,0.0,sad
0.11000000000000001,0.0,0.13,0.19,0.5700000000000001,fear
0.0,0.0,0.04,0.26,0.7,fear
0.0,0.0,0.33,0.0,0.67,fear
0.0,0.0,0.0,0.0,0.0,happy
0.0,0.07750000000000001,0.23249999999999998,0.13,0.5625,fear
0.12,0.0,0.23,0.23,0.42,fear
0.07,0.01,0.18,0.185,0.56,fear
0.0,0.0,0.43,0.14,0.43,surprise
0.0,0.04,0.21,0.21,0.54,fear
0.05,0.0,0.25,0.35,0.35,sad
0.1,0.1,0.1,0.4,0.3,sad
0.0,0.0,0.0,0.33,0.67,fear
0.065,0.0,0.0,0.42,0.515,fear
0.02,0.05,0.05,0.29,0.59,fear
0.14,0.09,0.14,0.27,0.36,fear
0.0,0.0,0.25,0.5,0.25,sad
0.045,0.0,0.045,0.135,0.275,fear
0.0,0.08,0.0,0.69,0.23,sad
0.0,0.0,0.2,0.25,0.55,fear
0.12,0.0,0.0,0.24,0.65,fear
0.36,0.14,0.07,0.14,0.29,happy
0.0,0.0,0.0,0.5,0.5,sad
0.0,0.04,0.17,0.17,0.61,fear
0.05,0.0,0.21,0.53,0.21,sad
0.0,0.0,0.17,0.33,0.5,fear
0.31,0.15,0.0,0.23,0.31,happy
0.33,0.0,0.0,0.33,0.33,happy
0.12,0.06,0.47,0.0,0.35,surprise
0.07,0.0,0.27,0.27,0.4,fear
0.2,0.0,0.0,0.4,0.4,sad
0.0,0.0,1.0,0.0,0.0,surprise
0.21,0.0,0.0,0.26,0.53,fear
0.0,0.0,0.12,0.12,0.75,fear
0.045,0.135,0.26,0.175,0.38,fear
0.12,0.0,0.19,0.31,0.38,fear
0.05,0.1,0.38,0.19,0.29,surprise
0.08,0.16,0.055,0.185,0.515,fear
0.11,0.0,0.16,0.21,0.53,fear
0.07,0.14,0.07,0.21,0.5,fear
0.0,0.0,0.085,0.165,0.75,fear
0.0,0.05,0.11,0.29,0.55,fear
0.0,0.0,0.0,0.33,0.67,fear
0.0,0.0,0.0,1.0,0.0,sad
0.22,0.0,0.22,0.44,0.11,sad
0.14,0.0,0.14,0.05,0.67,fear
0.0,0.0,0.09,0.27,0.64,fear
0.29,0.14,0.0,0.0,0.57,fear
0.01,0.01,0.05,0.138,0.792,fear
0.08,0.14,0.08,0.17,0.53,fear
0.14,0.14,0.0,0.25,0.46499999999999997,fear
0.0,0.0,0.14,0.29,0.57,fear
0.24,0.0,0.05,0.315,0.39,fear
0.0,0.4,0.1,0.2,0.3,angry
0.0,0.0,0.17,0.17,0.67,fear
0.0,0.12,0.0,0.25,0.62,fear
0.0,0.0,0.0,0.0,1.0,fear
0.0,0.0,0.0,0.0,0.0,happy
0.07,0.0,0.21,0.43,0.29,sad
0.03,0.05,0.10500000000000001,0.16,0.655,fear
0.0,0.0,0.0,0.25,0.75,fear
0.0,0.0,0.0,0.29,0.71,fear
0.42333333333333334,0.0,0.22333333333333336,0.06666666666666667,0.2866666666666667,happy
0.0,0.0,0.0,0.5,0.5,sad
0.25,0.0,0.0,0.5,0.25,sad
0.0,0.0,1.0,0.0,0.0,surprise
0.060000000000000005,0.0,0.21999999999999997,0.15375,0.565,fear
0.25,0.0,0.0,0.0,0.75,fear
0.28500000000000003,0.0,0.035,0.125,0.5549999999999999,fear
0.0,0.0,0.25,0.42,0.33,sad
0.0,0.035,0.035,0.2,0.235,fear
0.125,0.10500000000000001,0.095,0.26,0.425,fear
0.105,0.035,0.105,0.43000000000000005,0.33,sad
0.13,0.0075,0.225,0.3375,0.30000000000000004,sad
0.075,0.15,0.06,0.14,0.5700000000000001,fear
0.025,0.025,0.025,0.08,0.34,fear
0.125,0.09000000000000001,0.16,0.21,0.41500000000000004,fear
0.07,0.0,0.21,0.43,0.29,sad
0.0,0.07,0.0,0.37,0.5549999999999999,fear
0.0,0.0,0.0,0.67,0.33,sad
0.075,0.08,0.04,0.155,0.655,fear
0.045,0.07,0.045,0.115,0.725,fear
0.145,0.0,0.145,0.07,0.645,fear
0.15,0.0,0.10666666666666667,0.27666666666666667,0.45999999999999996,fear
0.14333333333333334,0.0,0.06666666666666667,0.08,0.37333333333333335,fear
0.1,0.0,0.0,0.3,0.6,fear
0.0,0.1,0.1,0.38,0.43,fear
0.145,0.0,0.17,0.315,0.37,fear
0.08499999999999999,0.0,0.075,0.37,0.46499999999999997,fear
0.0075,0.02,0.08750000000000001,0.44000000000000006,0.4475,fear
0.11499999999999999,0.06,0.105,0.12,0.5900000000000001,fear
0.07,0.07,0.14,0.07,0.64,fear
0.165,0.0,0.25,0.25,0.335,fear
0.03,0.14,0.03,0.305,0.5,fear
0.055,0.075,0.105,0.085,0.675,fear
0.155,0.015,0.16,0.245,0.43,fear
0.065,0.095,0.27499999999999997,0.065,0.495,fear
0.0,0.06,0.12,0.38,0.44,fear
0.185,0.185,0.125,0.0,0.5,fear
0.0,0.0,0.0,0.5,0.5,sad
0.15,0.15,0.3,0.25,0.15,surprise
0.055,0.0,0.055,0.155,0.735,fear
0.0,0.0,0.19,0.19,0.62,fear
0.055,0.0,0.27,0.23,0.44999999999999996,fear
0.165,0.0,0.09,0.135,0.6100000000000001,fear
0.19,0.01,0.07,0.21500000000000002,0.51,fear
0.045,0.02,0.315,0.045,0.575,fear
0.1,0.07,0.07,0.13,0.63,fear
0.135,0.085,0.165,0.35,0.265,sad
0.25,0.0,0.0,0.0,0.75,fear
0.0,0.2,0.0,0.2,0.6,fear
0.045,0.0,0.09,0.045,0.8200000000000001,fear
0.0,0.0,0.0,0.2,0.8,fear
0.0,0.0,0.05,0.5,0.45,sad
1.0,0.0,0.0,0.0,0.0,happy
0.11,0.08333333333333333,0.02666666666666667,0.06666666666666667,0.7133333333333334,fear
0.09181818181818181,0.02181818181818182,0.07545454545454545,0.018181818181818184,0.61,fear
0.0,0.02,0.0,0.2125,0.7675000000000001,fear
0.22999999999999998,0.0,0.04,0.02,0.71,fear
0.12,0.0,0.0,0.38,0.5,fear
0.14,0.0,0.095,0.33,0.43,fear
0.19,0.0,0.06,0.25,0.5,fear
0.07500000000000001,0.0,0.23666666666666666,0.24666666666666667,0.43999999999999995,fear
0.0,0.05,0.09,0.23,0.64,fear
0.0,0.0,0.1,0.3,0.6,fear
0.0525,0.0125,0.0525,0.51,0.1225,sad
0.08,0.025,0.14,0.215,0.54,fear
0.11,0.04,0.11,0.14,0.595,fear
0.05,0.07,0.315,0.195,0.37,fear
0.0,0.0,0.06,0.25,0.19,sad
0.016666666666666666,0.03666666666666667,0.06,0.36000000000000004,0.5233333333333333,fear
0.125,0.0,0.06,0.25,0.56,fear
0.0,0.06,0.08,0.25,0.61,fear
0.030000000000000002,0.045,0.21750000000000003,0.32,0.1375,sad
0.08,0.04,0.04,0.12,0.72,fear
0.10500000000000001,0.0,0.0,0.36,0.535,fear
0.34,0.04,0.13333333333333333,0.05333333333333334,0.43,fear
0.1,0.0,0.17,0.38,0.35,sad
0.05,0.0,0.11,0.32,0.53,fear
0.33,0.33,0.33,0.0,0.0,happy
0.0,0.0,0.14,0.14,0.71,fear
0.015,0.015,0.07,0.16,0.735,fear
0.17,0.0,0.0,0.33,0.5,fear
0.12,0.0,0.0,0.62,0.25,sad
0.0,0.18,0.0,0.27,0.55,fear
0.2,0.04,0.16,0.22,0.38,fear
0.1625,0.0,0.055,0.3925,0.39,sad
0.0,0.0,0.0,0.0,0.0,happy
0.1,0.1,0.2,0.0,0.6,fear
0.07,0.07,0.27,0.0,0.6,fear
0.0,0.0,0.25,0.25,0.5,fear
1.0,0.0,0.0,0.0,0.0,happy
0.0,0.0,0.0,0.0,0.0,happy
0.1,0.035,0.065,0.465,0.335,sad
0.6,0.0,0.0,0.2,0.2,happy
0.04,0.0,0.23,0.115,0.115,surprise
0.195,0.03,0.06,0.195,0.52,fear
0.08,0.0,0.045,0.53,0.35,sad
0.0,0.0,0.0,0.33,0.67,fear
0.0,0.0,0.0,0.0,1.0,fear
0.0,0.33,0.33,0.0,0.33,angry
0.0,0.0,0.25,0.25,0.5,fear
0.08,0.0,0.08,0.31,0.54,fear
0.125,0.0,0.085,0.54,0.25,sad
0.03,0.03,0.09,0.245,0.605,fear
0.0,0.0,0.0,0.25,0.75,fear
0.09,0.09,0.14,0.23,0.45,fear
0.0,0.0,0.5,0.0,0.5,surprise
0.33,0.0,0.33,0.0,0.33,happy
0.04,0.06,0.15500000000000003,0.22,0.52,fear
0.1,0.14,0.24,0.14,0.38,fear
0.135,0.0,0.12,0.12,0.635,fear
0.0,0.0,0.0,0.3333333333333333,0.6666666666666666,fear
0.0,0.0,0.6,0.0,0.4,surprise
0.016666666666666666,0.03333333333333333,0.17333333333333334,0.3866666666666667,0.3866666666666667,sad
0.08,0.1,0.245,0.1,0.48000000000000004,fear
0.33,0.0,0.0,0.33,0.33,happy
0.145,0.0,0.1,0.4,0.355,sad
0.07666666666666667,0.13,0.18000000000000002,0.25333333333333335,0.3566666666666667,fear
0.0,0.0,0.12,0.5,0.38,sad
0.03,0.03,0.09,0.21,0.64,fear
0.08499999999999999,0.025,0.04,0.1975,0.6525,fear
0.065,0.025,0.21500000000000002,0.165,0.53,fear
0.0,0.06,0.06,0.61,0.28,sad
0.19,0.0,0.19,0.38,0.25,sad
0.0,0.0,0.17,0.5,0.33,sad
0.0,0.0,0.07,0.0,0.93,fear
0.04,0.04,0.15,0.35,0.42,fear
0.0,0.0,0.5,0.5,0.0,surprise
0.0,0.17,0.17,0.33,0.33,sad
0.15,0.05,0.08,0.23500000000000001,0.48,fear
0.185,0.03,0.155,0.155,0.47000000000000003,fear
0.085,0.0,0.0,0.165,0.75,fear
0.09,0.0,0.12,0.26,0.53,fear
0.04,0.035,0.075,0.355,0.495,fear
0.0,0.025,0.25,0.35,0.375,fear
0.16,0.05,0.065,0.21000000000000002,0.515,fear
0.10666666666666667,0.06333333333333334,0.20666666666666667,0.2333333333333333,0.38999999999999996,fear
0.0,0.0,0.0,0.0,1.0,fear
0.225,0.0,0.06,0.3,0.41000000000000003,fear
0.1,0.0,0.0,0.1,0.8,fear
1.0,0.0,0.0,0.0,0.0,happy
0.15,0.0,0.13333333333333333,0.23666666666666666,0.47666666666666674,fear
0.0,0.0,0.29,0.0,0.71,fear
0.12,0.0,0.21,0.25,0.42,fear
0.2,0.0,0.08,0.16499999999999998,0.56,fear
0.2,0.2,0.2,0.2,0.2,happy
0.15,0.060000000000000005,0.195,0.215,0.385,fear
0.05500000000000001,0.07,0.1,0.26,0.515,fear
0.07500000000000001,0.07,0.115,0.18500000000000003,0.5575,fear
0.1725,0.0175,0.15500000000000003,0.1925,0.46,fear
0.1,0.0,0.14,0.38,0.38,sad
0.0,0.0,0.0,0.2975,0.7025,fear
0.0,0.0,0.085,0.25,0.665,fear
0.04,0.0,0.1,0.12,0.74,fear
0.0,0.12,0.0,0.38,0.5,fear
0.0,0.12,0.25,0.25,0.38,fear
0.12,0.04,0.155,0.08499999999999999,0.595,fear
0.05,0.0,0.2,0.25,0.5,fear
0.08,0.0,0.08,0.33,0.5,fear
0.08,0.12,0.12,0.32,0.36,fear
0.018,0.11600000000000002,0.066,0.248,0.5559999999999999,fear
0.07,0.0,0.13,0.27,0.53,fear
0.2,0.0,0.07,0.07,0.67,fear
0.11,0.09,0.23,0.21,0.36,fear
0.0,0.0,0.16,0.32,0.52,fear
0.11,0.08,0.08,0.28,0.44,fear
0.09333333333333334,0.016666666666666666,0.10333333333333333,0.22,0.57,fear
0.0,0.06,0.06,0.38,0.5,fear
0.1,0.07,0.1,0.31,0.41,fear
0.045,0.02,0.045,0.265,0.625,fear
0.0,0.0,0.0,0.33,0.67,fear
0.0,0.18,0.18,0.41,0.24,sad
0.035,0.035,0.14,0.36,0.43,fear
0.18,0.18,0.12,0.18,0.35,fear
0.09,0.02,0.09,0.45499999999999996,0.345,sad
0.0,0.0,1.0,0.0,0.0,surprise
0.22,0.0,0.22,0.06,0.5,fear
0.06,0.07,0.08,0.02,0.77,fear
0.0,0.0,0.22,0.5,0.28,sad
0.08333333333333333,0.01,0.15333333333333335,0.18666666666666668,0.57,fear
0.06,0.0,0.355,0.075,0.5,fear
0.0,0.0,0.0,0.1,0.9,fear
0.0,0.0,0.0,1.0,0.0,sad
0.11000000000000001,0.11000000000000001,0.15500000000000003,0.145,0.48,fear
0.07277777777777777,0.015000000000000001,0.07888888888888888,0.16055555555555553,0.39444444444444443,fear
0.0675,0.1125,0.1575,0.15,0.5125,fear
0.03,0.03,0.13,0.54,0.28,sad
0.33,0.0,0.0,0.33,0.33,happy
0.06,0.0,0.18,0.29,0.47,fear
0.0,0.0,0.0,0.6,0.4,sad
0.0,0.0,0.0,0.0,0.6666666666666666,fear
0.23,0.0,0.085,0.29000000000000004,0.4,fear
0.08666666666666667,0.06666666666666667,0.12,0.19666666666666666,0.5299999999999999,fear
0.07,0.05,0.07,0.35,0.45,fear
0.25,0.0,0.0,0.25,0.5,fear
0.0,0.0,0.07,0.0,0.9299999999999999,fear
0.15,0.04,0.15,0.31,0.35,fear
0.0,0.0,0.0,0.0,0.0,happy
0.0,0.0,0.0,0.0,0.0,happy
0.065,0.0,0.26,0.135,0.54,fear
0.0,0.0,0.18,0.09,0.73,fear
0.0,0.0,0.0,0.0,0.0,happy
0.11666666666666665,0.018333333333333333,0.021666666666666667,0.11333333333333334,0.565,fear
0.0,0.0,0.0,0.27,0.73,fear
0.045,0.045,0.0,0.19,0.72,fear
0.055,0.0,0.07,0.105,0.775,fear
0.13,0.0,0.13,0.27,0.47,fear
1.0,0.0,0.0,0.0,0.0,happy
0.2,0.03,0.1,0.27,0.4,fear
0.05,0.11,0.21,0.37,0.26,sad
0.0,0.0,0.0,0.67,0.33,sad
0.0,0.09,0.09,0.27,0.55,fear
0.0,0.0,0.0,0.5,0.5,sad
0.19,0.065,0.065,0.26,0.41500000000000004,fear
0.0,0.0,0.0,0.33,0.67,fear
0.08,0.1,0.18,0.28,0.36,fear
0.0,0.0,0.0,0.2,0.3,fear
0.0,0.0,0.09,0.14,0.77,fear
0.0,0.0,0.25,0.125,0.625,fear
0.15,0.08,0.15,0.31,0.31,sad
0.0,0.0,0.0,0.4,0.6,fear
0.0,0.1,0.0,0.1,0.3,fear
0.0,0.0,0.0,0.5,0.5,sad
0.12,0.12,0.12,0.12,0.5,fear
0.0,0.0,0.25,0.5,0.25,sad
0.07,0.02,0.18,0.38,0.35,sad
0.07,0.0,0.27,0.2,0.47,fear
0.1,0.0,0.23,0.21,0.46,fear
0.0,0.0,0.0,0.5,0.5,sad
0.085,0.02,0.02,0.165,0.21,fear
0.06,0.28,0.33,0.11,0.22,surprise
0.18,0.0,0.08499999999999999,0.25,0.48,fear
0.0,0.0,0.05666666666666667,0.44333333333333336,0.5,fear
0.14,0.0,0.14,0.0,0.71,fear
0.2,0.1,0.1,0.2,0.4,fear
0.0,0.0,0.5,0.5,0.0,surprise
0.09,0.0,0.11,0.14,0.66,fear
0.28,0.11,0.0,0.44,0.17,sad
0.0,0.0,0.065,0.35,0.585,fear
0.0,0.33,0.33,0.0,0.33,angry
0.07142857142857142,0.07142857142857142,0.42857142857142855,0.07142857142857142,0.35714285714285715,surprise
0.065,0.085,0.355,0.15500000000000003,0.33999999999999997,surprise
0.08,0.23,0.08,0.31,0.31,sad
0.12,0.08,0.12,0.08,0.58,fear
0.0,0.0,0.0,0.4,0.6,fear
0.0,0.29,0.0,0.14,0.57,fear
0.1,0.03,0.07,0.45,0.34,sad
0.0,0.1,0.15,0.3,0.45,fear
0.67,0.0,0.0,0.0,0.33,happy
0.0,0.0,0.12,0.0,0.88,fear
0.0,0.0,0.2,0.365,0.43500000000000005,fear
0.03,0.0,0.06,0.36,0.545,fear
0.10571428571428572,0.02142857142857143,0.06571428571428571,0.19714285714285712,0.6114285714285715,fear
0.0,0.0,0.0,0.25,0.75,fear
0.0,0.04,0.085,0.46,0.41500000000000004,sad
0.0,0.0,0.0,0.33,0.67,fear
0.0,0.25,0.0,0.0,0.75,fear
0.0,0.0,1.0,0.0,0.0,surprise
0.0,0.33,0.0,0.0,0.67,fear
0.0,0.23,0.08,0.29,0.4,fear
0.17,0.0,0.33,0.5,0.0,sad
0.0,0.0,0.0,0.43,0.57,fear
0.33,0.08,0.08,0.25,0.25,happy
0.05,0.0,0.1,0.1,0.75,fear
0.0,0.0,0.06,0.12,0.82,fear
0.04,0.04,0.16,0.27,0.49,fear
0.0,0.0,0.0,0.0,1.0,fear
0.12,0.0,0.12,0.5,0.25,sad
0.0,0.0,0.0,0.75,0.25,sad
0.15,0.05,0.0,0.15,0.65,fear
0.1,0.0,0.15,0.2,0.55,fear
0.0,0.0,0.5,0.0,0.5,surprise
0.08,0.0,0.29,0.21,0.42,fear
0.15,0.06,0.15,0.27,0.36,fear
0.08,0.0,0.33,0.33,0.25,surprise
0.0,0.0,0.0,0.19333333333333336,0.47333333333333333,fear
0.15,0.0,0.15,0.32,0.39,fear
0.0,0.0,0.0,1.0,0.0,sad
0.22,0.0,0.22,0.0,0.56,fear
0.26,0.11,0.15,0.26,0.22,happy
0.67,0.0,0.33,0.0,0.0,happy
0.09,0.18,0.09,0.36,0.27,sad
0.12,0.12,0.24,0.06,0.47,fear
0.1,0.0,0.2,0.2,0.5,fear
0.145,0.155,0.1,0.30000000000000004,0.29,sad
0.0,0.0,0.0,0.0,0.0,happy
0.45,0.05,0.15,0.2,0.15,happy
0.0,0.0,0.25,0.17,0.58,fear
0.0,0.0,0.215,0.27,0.52,fear
0.0,0.0,0.0,0.25,0.75,fear
0.0,0.0,0.14,0.38,0.48,fear
0.12,0.12,0.18,0.12,0.47,fear
0.0,0.0,0.2,0.3,0.5,fear
0.0,0.08,0.0,0.46,0.46,sad
0.19,0.05,0.19,0.33,0.24,sad
0.05,0.08,0.15,0.46,0.26,sad
0.0,0.04,0.0,0.32,0.64,fear
0.11,0.0,0.11,0.44,0.33,sad
0.0,0.0,0.0,0.5,0.5,sad
0.14,0.0,0.07,0.29,0.5,fear
0.0,0.0,0.14,0.0,0.86,fear
0.0,0.0,0.0,0.12,0.88,fear
0.16,0.07,0.11,0.27,0.39,fear
0.0,0.0,0.11,0.11,0.78,fear
0.12,0.0,0.0,0.5,0.38,sad
0.0,0.0,0.165,0.46499999999999997,0.365,sad
0.0,0.0,0.5,0.5,0.0,surprise
0.0,0.14,0.0,0.0,0.86,fear
0.0,0.0,0.0,0.0,1.0,fear
0.0,0.0,0.0,0.0,1.0,fear
0.21,0.05,0.0,0.11,0.63,fear
0.0,0.0,0.0,0.125,0.875,fear
0.0,0.0,0.075,0.115,0.81,fear
0.0,0.14,0.0,0.29,0.57,fear
0.055,0.0,0.105,0.21500000000000002,0.625,fear
0.0,0.11,0.22,0.11,0.56,fear
0.0,0.0,0.0,0.165,0.835,fear
0.09,0.11,0.13,0.275,0.385,fear
0.03,0.0,0.41000000000000003,0.12,0.44,fear
0.23,0.08,0.0,0.0,0.69,fear
0.08,0.04,0.16,0.48,0.24,sad
0.05,0.05,0.33,0.1,0.48,fear
0.3,0.0,0.07,0.19,0.44,fear
0.06,0.03,0.18,0.21,0.52,fear
0.0,0.0,0.0,0.5,0.5,sad
0.06,0.04,0.16,0.255,0.48,fear
0.12,0.12,0.12,0.38,0.27,sad
0.0,0.0,0.5,0.5,0.0,surprise
0.0,0.2,0.0,0.2,0.6,fear
0.0,0.07,0.21,0.21,0.5,fear
0.0,0.0,0.0,0.62,0.38,sad
0.0,0.17,0.08,0.08,0.67,fear
0.045,0.0,0.0,0.18,0.775,fear
0.0,0.0,0.0,0.5,0.5,sad
0.07,0.11,0.16999999999999998,0.20500000000000002,0.44,fear
0.0,0.0,0.125,0.46,0.41500000000000004,sad
0.095,0.065,0.10500000000000001,0.395,0.33999999999999997,sad
0.07333333333333335,0.03,0.17,0.11666666666666668,0.27666666666666667,fear
0.25,0.0,0.0,0.5,0.25,sad
0.0,0.0,0.0,0.67,0.33,sad
0.0,0.0,0.0,0.2,0.8,fear
0.12,0.016666666666666666,0.0,0.4366666666666667,0.43,sad
0.0,0.0,0.2,0.2,0.6,fear
0.18,0.0,0.0,0.36,0.45,fear
0.5,0.0,0.0,0.0,0.5,happy
0.035,0.0,0.25,0.38999999999999996,0.32,sad
0.185,0.335,0.085,0.0,0.4,fear
0.0,0.0,0.0,0.37,0.63,fear
0.17,0.035,0.15000000000000002,0.16999999999999998,0.47500000000000003,fear
0.22,0.0,0.0,0.33,0.44,fear
0.07,0.02,0.09,0.4,0.42,fear
0.335,0.0,0.195,0.095,0.375,fear
0.0,0.0,0.0,0.0,1.0,fear
0.0,0.25,0.0,0.5,0.25,sad
0.29,0.0,0.0,0.0,0.71,fear
0.0,0.0,0.18,0.27,0.55,fear
1.0,0.0,0.0,0.0,0.0,happy
0.0,0.0,0.17,0.17,0.67,fear
0.245,0.02,0.245,0.135,0.355,fear
0.08,0.08,0.5,0.33,0.0,surprise
0.25,0.0,0.12,0.25,0.38,fear
0.02666666666666667,0.02666666666666667,0.25,0.28,0.4166666666666667,fear
0.44,0.0,0.33,0.11,0.11,happy
0.06,0.06,0.09,0.21,0.58,fear
0.08,0.0,0.31,0.095,0.515,fear
0.0,0.0,0.0,0.0,1.0,fear
0.5,0.0,0.17,0.33,0.0,happy
0.030000000000000002,0.012857142857142857,0.08714285714285715,0.4,0.4714285714285714,fear
0.0,0.05,0.2,0.35,0.4,fear
0.0,0.0,0.0,0.0,0.0,happy
0.125,0.125,0.125,0.5,0.125,sad
0.0,0.0,0.0,1.0,0.0,sad
0.13,0.03,0.03,0.39,0.42,fear
0.0,0.0,0.0,0.0,1.0,fear
0.2,0.3,0.1,0.0,0.4,fear
0.07,0.0,0.0,0.21,0.71,fear
0.0775,0.0075,0.2125,0.1275,0.3275,fear
0.07,0.07,0.0,0.36,0.5,fear
0.09,0.03,0.26,0.17,0.46,fear
0.0,0.0,0.23,0.46,0.31,sad
0.03,0.0,0.39999999999999997,0.06666666666666667,0.5033333333333333,fear
0.0,0.0,0.0,0.27,0.73,fear
0.17,0.0,0.17,0.33,0.33,sad
0.2,0.2,0.0,0.3,0.3,sad
0.11,0.0,0.17,0.39,0.33,sad
0.1,0.0,0.05,0.29,0.57,fear
0.0,0.06,0.06,0.24,0.65,fear
0.16,0.02,0.09,0.32,0.41,fear
0.0,0.16666666666666666,0.04,0.29333333333333333,0.5,fear
0.29,0.06,0.09166666666666667,0.21,0.34833333333333333,fear
0.2,0.0,0.0,0.13,0.67,fear
0.1,0.0,0.0,0.3,0.6,fear
0.03833333333333333,0.21333333333333335,0.021666666666666667,0.23833333333333329,0.48666666666666664,fear
0.02666666666666667,0.01,0.06,0.32666666666666666,0.24666666666666667,sad
0.12,0.04,0.19,0.13,0.52,fear
0.0,0.0,0.0,0.2,0.8,fear
0.133,0.014000000000000002,0.025,0.146,0.382,fear
0.0,0.0,0.12,0.0,0.88,fear
0.0,0.0,0.225,0.1,0.675,fear
0.0,0.08333333333333333,0.08333333333333333,0.22333333333333336,0.61,fear
0.295,0.0,0.09,0.09,0.525,fear
0.0,0.17,0.06,0.28,0.5,fear
0.26,0.11,0.11,0.16,0.37,fear
0.05333333333333334,0.02666666666666667,0.06666666666666667,0.08,0.7733333333333334,fear
0.12,0.12,0.25,0.38,0.12,sad
0.29,0.0,0.0,0.14,0.57,fear
0.2,0.0,0.2,0.2,0.4,fear
0.62,0.0,0.12,0.25,0.0,happy
0.05,0.015,0.0775,0.245,0.365,fear
0.0,0.0,0.33,0.0,0.67,fear
0.12,0.06,0.06,0.06,0.71,fear
0.0,0.0,0.0,0.0,1.0,fear
0.0,0.047142857142857146,0.03142857142857143,0.03571428571428571,0.6,fear
0.11333333333333334,0.02,0.18333333333333335,0.26666666666666666,0.42333333333333334,fear
0.0,0.0,0.24,0.29,0.47,fear
0.08,0.08,0.08,0.25,0.5,fear
0.16999999999999998,0.0275,0.1125,0.245,0.4425,fear
0.1,0.0,0.03,0.28,0.585,fear
0.1416666666666667,0.0,0.0,0.23666666666666666,0.6216666666666667,fear
0.0,0.0,0.1,0.42500000000000004,0.475,fear
0.0,0.0,0.0,0.165,0.335,fear
0.0,0.0,1.0,0.0,0.0,surprise
0.07,0.0,0.2275,0.175,0.525,fear
0.0,0.25,0.25,0.0,0.5,fear
0.09000000000000001,0.05500000000000001,0.20500000000000002,0.21500000000000002,0.43,fear
0.0,0.0,0.0,0.27,0.73,fear
0.014500000000000002,0.012,0.091,0.0945,0.587,fear
0.14,0.14,0.14,0.29,0.29,sad
0.1875,0.0,0.1625,0.2025,0.4475,fear
0.0,0.04,0.04,0.22,0.7,fear
0.0,0.0,0.1,0.4,0.5,fear
0.08142857142857143,0.002857142857142857,0.16285714285714284,0.22214285714285714,0.3164285714285714,fear
0.09000000000000001,0.03333333333333333,0.10666666666666667,0.32,0.4466666666666667,fear
0.0,0.2,0.0,0.6,0.2,sad
0.0,0.33,0.0,0.33,0.33,angry
0.0,0.07,0.13,0.47,0.33,sad
0.12,0.04,0.2,0.27,0.37,fear
0.0,0.0,0.25,0.5,0.25,sad
0.0,0.0,0.2,0.6,0.2,sad
0.0,0.0,0.0,0.375,0.125,sad
0.0,0.17,0.17,0.33,0.33,sad
0.23,0.0,0.31,0.15,0.31,surprise
0.0,0.0,0.14,0.14,0.71,fear
0.07,0.0,0.21,0.14,0.57,fear
0.05,0.0,0.05,0.3,0.6,fear
0.0,0.0,0.0,0.0,1.0,fear
0.12,0.03,0.06,0.38,0.41,fear
0.17,0.04,0.08,0.33,0.38,fear
0.0,0.0,0.0,0.33,0.67,fear
0.0,0.6,0.2,0.0,0.2,angry
0.20333333333333334,0.0,0.17333333333333334,0.2866666666666667,0.0,sad
0.12,0.0,0.0,0.25,0.62,fear
0.21,0.05,0.16,0.32,0.26,sad
0.0,0.12,0.38,0.12,0.38,surprise
0.04,0.04,0.11,0.46,0.36,sad
0.0,0.0,0.1,0.3,0.6,fear
0.0,0.0,0.6,0.0,0.4,surprise
0.0,0.0,0.33,0.33,0.33,surprise
0.0,0.0,0.07,0.29,0.64,fear
0.10300000000000001,0.044,0.072,0.197,0.585,fear
0.14,0.02,0.14,0.26,0.44,fear
0.1,0.0,0.0,0.2,0.7,fear
0.17,0.0,0.0,0.33,0.5,fear
0.07,0.21,0.0,0.36,0.36,sad
0.0,0.0,0.08,0.33,0.58,fear
0.17,0.0,0.08,0.17,0.58,fear
0.0,0.08,0.08,0.23,0.62,fear
0.0,0.125,0.09,0.475,0.305,sad
0.0,0.0,0.0,0.67,0.33,sad
0.0,0.0,0.0,0.33,0.67,fear
0.07,0.14,0.03,0.38,0.38,sad
0.0,0.5,0.0,0.5,0.0,angry
0.0,0.0,0.0,0.0,0.0,happy
0.0,0.17,0.0,0.17,0.67,fear
0.0,0.0,0.0,0.2,0.8,fear
0.0,0.0,0.33,0.44,0.22,sad
0.0,0.0,0.0,0.25,0.75,fear
0.0,0.25,0.0,0.5,0.25,sad
0.0,0.0,0.0,0.0,0.0,happy
0.0,0.0,0.0,0.5,0.5,sad
0.0,0.0,0.0,0.0,0.0,happy
0.1,0.02,0.12,0.41,0.34,sad
0.0,0.0,0.0,0.5,0.5,sad
0.38,0.12,0.12,0.0,0.38,happy
0.13,0.0,0.13,0.2,0.53,fear
0.08,0.08,0.08,0.08,0.67,fear
0.0,0.165,0.5,0.165,0.165,surprise
0.0,0.0,0.0,0.0,1.0,fear
0.0,0.0,0.0,0.0,0.0,happy
0.17,0.17,0.0,0.33,0.33,sad
0.03,0.0,0.06,0.37,0.5449999999999999,fear
0.0,0.08333333333333333,0.16666666666666666,0.3466666666666667,0.4033333333333333,fear
0.0,0.0,0.165,0.165,0.665,fear
0.1,0.015,0.21500000000000002,0.15000000000000002,0.525,fear
0.125,0.0,0.0,0.0,0.875,fear
0.0,0.0,0.0,0.25,0.75,fear
0.0,0.0,0.12,0.38,0.5,fear
0.22,0.0,0.17,0.11,0.5,fear
0.17,0.0,0.0,0.25,0.58,fear
0.135,0.03,0.12,0.24,0.47,fear
0.2,0.0,0.0,0.0,0.8,fear
0.0,0.0,0.0,0.43,0.57,fear
0.0,0.0,0.0,0.0,0.0,happy
0.44333333333333336,0.0,0.0,0.06666666666666667,0.49000000000000005,fear
0.0,0.0,0.0,0.0,1.0,fear
0.0,0.0,0.1,0.1,0.8,fear
0.07,0.0,0.13,0.47,0.33,sad
0.0,0.0,0.0,0.5,0.5,sad
0.0,0.0,0.35,0.35,0.29,surprise
0.03,0.03,0.24000000000000002,0.365,0.34,sad
0.1,0.0,0.05,0.3,0.55,fear
0.0,0.19,0.05,0.33,0.43,fear
0.25,0.0,0.0,0.25,0.5,fear
0.0,0.09,0.0,0.36,0.55,fear
0.0,0.0,0.5,0.0,0.5,surprise
0.0,0.08,0.08,0.25,0.58,fear
0.04,0.2,0.32,0.2,0.24,surprise
0.08,0.0,0.08,0.08,0.77,fear
0.0,0.0,0.092,0.41200000000000003,0.496,fear
0.0,0.0,0.0,0.56,0.44,sad
0.0,0.0,0.0,0.0,0.0,happy
0.0,0.0,0.0,0.0,1.0,fear
0.25,0.0,0.0,0.33,0.42,fear
0.0,0.0,0.0,0.0,0.0,happy
0.19,0.0,0.0,0.06,0.75,fear
0.0,0.0,0.17,0.33,0.5,fear
0.05,0.1,0.17,0.4,0.28,sad
0.06,0.0,0.26,0.33,0.35,fear
0.25,0.0,0.0,0.125,0.625,fear
0.10333333333333333,0.0,0.12666666666666668,0.2733333333333333,0.49333333333333335,fear
0.08,0.08,0.08,0.35,0.42,fear
0.0,0.0,0.5,0.0,0.0,surprise
0.09,0.0,0.17,0.3,0.43,fear
0.12,0.03,0.06,0.38,0.41,fear
0.0,0.0,0.0,0.2,0.8,fear
0.0,0.0,0.25,0.5,0.25,sad
0.0,0.14,0.0,0.57,0.29,sad
0.0,0.0,0.0,0.25,0.75,fear
0.0,0.0,0.0,0.33,0.67,fear
0.14,0.0,0.14,0.29,0.43,fear
0.2,0.0,0.2,0.2,0.4,fear
0.0,0.0,0.0,0.4,0.6,fear
0.0,0.0,0.0,0.0,1.0,fear
0.0,0.0,0.275,0.295,0.43,fear
0.0,0.11,0.11,0.22,0.56,fear
0.0,0.0,0.0,1.0,0.0,sad
0.07,0.0,0.07,0.07,0.7849999999999999,fear
0.0,0.0,0.0,0.67,0.33,sad
0.04,0.0,0.15,0.15,0.65,fear
0.0,0.0,0.0,0.0,1.0,fear
0.0,0.0,0.1,0.05,0.85,fear
0.02,0.0,0.13,0.3,0.55,fear
0.14,0.29,0.0,0.0,0.57,fear
0.11499999999999999,0.06,0.155,0.315,0.36,fear
0.24,0.08,0.16,0.16,0.36,fear
0.0,0.1,0.2,0.4,0.3,sad
0.0,0.5,0.0,0.5,0.0,angry
0.1,0.0,0.0,0.1,0.8,fear
0.09,0.06,0.13,0.4,0.32,sad
0.0,0.0,0.0,0.5,0.5,sad
0.0,0.0,0.0,0.5,0.5,sad
0.17,0.02,0.17,0.36,0.29,sad
0.09,0.0,0.09,0.55,0.27,sad
0.0,0.06,0.0,0.44,0.5,fear
0.25,0.12,0.12,0.0,0.5,fear
0.16999999999999998,0.06,0.14,0.425,0.19999999999999998,sad
0.07,0.07,0.03,0.28,0.55,fear
0.0,0.0,0.0,0.0,0.0,happy
0.3,0.0,0.2,0.1,0.4,fear
0.33,0.0,0.0,0.0,0.67,fear
0.078,0.048,0.14200000000000002,0.298,0.42800000000000005,fear
0.0,0.0,0.0,0.86,0.14,sad
0.03,0.03,0.03,0.21,0.69,fear
0.0,0.0,0.0,0.14,0.86,fear
0.0,0.0,0.44,0.33,0.22,surprise
0.0,0.0,0.165,0.335,0.5,fear
0.0,0.0,0.0,0.0,1.0,fear
0.18,0.09,0.09,0.0,0.64,fear
0.08666666666666667,0.0,0.14,0.24666666666666667,0.5233333333333333,fear
0.1,0.0,0.1,0.2,0.6,fear
0.0,1.0,0.0,0.0,0.0,angry
0.22,0.06,0.11,0.11,0.5,fear
0.0,0.0,0.0,0.0,1.0,fear
0.05,0.0,0.1,0.25,0.6,fear
0.09,0.09,0.09,0.18,0.55,fear
0.06583333333333334,0.014166666666666668,0.19416666666666668,0.2916666666666667,0.35083333333333333,fear
0.06,0.18,0.12,0.29,0.35,fear
0.14,0.0,0.07,0.36,0.43,fear
0.0,0.0,0.5,0.0,0.5,surprise
0.0,0.0,0.0,0.0,1.0,fear
0.5,0.0,0.0,0.0,0.5,happy
0.2,0.0,0.0,0.2,0.6,fear
0.02,0.02,0.10750000000000001,0.175,0.425,fear
0.0,0.08,0.0,0.31,0.62,fear
0.0,0.0,0.33,0.33,0.33,surprise
0.33,0.0,0.0,0.33,0.33,happy
0.05,0.02,0.33,0.17,0.43,fear
0.0,0.02,0.18,0.26,0.54,fear
0.0,0.125,0.0,0.585,0.29000000000000004,sad
0.04,0.11,0.19,0.19,0.48,fear
0.33,0.0,0.0,0.0,0.67,fear
0.08,0.02,0.02,0.22,0.66,fear
0.0,0.0,0.08,0.08,0.85,fear
0.0,0.0,0.0,0.0,1.0,fear
0.0,0.0,0.0,0.25,0.75,fear
0.14,0.0,0.07,0.43,0.36,sad
0.0,0.0,0.07,0.4,0.53,fear
0.12,0.04,0.28,0.16,0.4,fear
0.185,0.0,0.065,0.21500000000000002,0.5349999999999999,fear
0.17,0.03,0.03,0.44,0.33,sad
0.08,0.23,0.08,0.23,0.38,fear
0.07,0.02,0.1,0.19,0.62,fear
0.0,0.06,0.35,0.18,0.41,fear
0.0,0.0,0.0,0.5,0.0,sad
0.0,0.07,0.29,0.0,0.64,fear
0.0,0.0,0.0,0.0,0.0,happy
0.0,0.0,0.12,0.62,0.25,sad
0.0,0.0,0.0,0.0,0.0,happy
0.0,0.0,0.0,0.33,0.67,fear
0.0,0.0,1.0,0.0,0.0,surprise
0.0,0.0,0.17,0.17,0.67,fear
0.4,0.0,0.0,0.6,0.0,sad
0.0,0.0,0.2,0.2,0.6,fear
0.0,0.0,0.25,0.0,0.75,fear
0.0,0.0,0.0,0.0,0.0,happy
0.0,0.14,0.14,0.29,0.43,fear
0.2,0.2,0.0,0.1,0.5,fear
0.0,0.0,0.05,0.55,0.4,sad
0.0,0.0,0.14,0.0,0.86,fear
0.13,0.07,0.07,0.4,0.33,sad
0.0,0.0,0.38,0.38,0.25,surprise
0.2,0.0,0.0,0.4,0.4,sad
0.10500000000000001,0.05500000000000001,0.18,0.23500000000000001,0.42000000000000004,fear
0.14,0.1,0.0,0.1,0.67,fear
0.12,0.0,0.0,0.12,0.75,fear
0.13,0.0,0.07,0.2,0.6,fear
0.0,0.0,0.33,0.0,0.67,fear
0.12,0.0,0.12,0.41,0.35,sad
0.25,0.0,0.0,0.0,0.75,fear
0.0,0.0,0.25,0.75,0.0,sad
0.0,0.0,0.2,0.2,0.6,fear
0.12,0.03,0.15,0.3,0.39,fear
0.0,0.18,0.0,0.27,0.55,fear
0.06,0.06,0.12,0.25,0.5,fear
0.0,0.14,0.29,0.14,0.43,fear
1.0,0.0,0.0,0.0,0.0,happy
0.1,0.0,0.19,0.24,0.48,fear
0.0,0.0,0.12,0.25,0.62,fear
0.0,0.14,0.0,0.57,0.29,sad
0.0,0.09,0.04,0.3,0.57,fear
0.0,0.0,0.08,0.08,0.83,fear
0.0,0.0,0.0,0.33,0.67,fear
0.0,0.33,0.0,0.67,0.0,sad
0.03,0.1,0.21,0.21,0.45,fear
0.12,0.12,0.0,0.5,0.25,sad
0.12,0.12,0.0,0.25,0.5,fear
0.05000000000000001,0.07666666666666667,0.08666666666666667,0.39666666666666667,0.38999999999999996,sad
0.0,0.19,0.0,0.25,0.56,fear
0.0,0.0,0.25,0.25,0.5,fear
0.2,0.07,0.2,0.0,0.53,fear
0.05,0.0,0.0,0.63,0.32,sad
0.0,0.0,0.21,0.36,0.43,fear
0.5,0.0,0.0,0.5,0.0,happy
0.07,0.07,0.13,0.2,0.53,fear
0.0,0.0,0.06,0.56,0.39,sad
0.0,0.0,0.0,0.2,0.8,fear
0.13,0.045,0.175,0.185,0.465,fear
0.18,0.0,0.18,0.09,0.55,fear
0.39,0.11,0.06,0.11,0.33,happy
0.17,0.0,0.0,0.17,0.67,fear
0.0,0.0,0.5,0.0,0.5,surprise
0.01,0.0,0.28,0.12,0.585,fear
0.16,0.14333333333333334,0.15,0.07666666666666666,0.4666666666666666,fear
0.45,0.0,0.27,0.09,0.18,happy
0.22,0.22,0.17,0.11,0.28,fear
0.0,0.2,0.2,0.2,0.4,fear
0.0,0.0,0.09,0.255,0.655,fear
0.25,0.125,0.0,0.0,0.625,fear
0.0,0.23,0.0,0.08,0.69,fear
0.0,0.33,0.33,0.33,0.0,angry
0.5,0.16666666666666666,0.0,0.16666666666666666,0.16666666666666666,happy
0.19,0.06,0.12,0.25,0.38,fear
0.12,0.03,0.19,0.31,0.34,fear
0.0,0.0,0.0,0.67,0.33,sad
0.27,0.0,0.13,0.0,0.6,fear
0.0,0.0,0.09,0.09,0.82,fear
0.27,0.0,0.0,0.27,0.45,fear
0.04,0.04,0.0,0.125,0.29,fear
0.03,0.0,0.05,0.18,0.74,fear
0.0,0.0,0.0,1.0,0.0,sad
0.07,0.07,0.07,0.21,0.57,fear
0.0,0.07,0.0,0.07,0.855,fear
0.33,0.0,0.0,0.0,0.67,fear
0.0,0.0,0.33,0.33,0.33,surprise
0.12,0.0,0.12,0.24,0.53,fear
0.165,0.0,0.06,0.0,0.775,fear
0.0,0.0,0.3,0.3,0.4,fear
0.0,0.0,0.0,0.0,0.0,happy
0.0,0.0,0.0,0.33,0.67,fear
0.0,0.0,0.0,0.75,0.25,sad
0.0,0.0,0.0,0.4,0.6,fear
0.0,0.0,0.12,0.38,0.5,fear
0.14,0.0,0.14,0.43,0.29,sad
0.0,0.0,0.0,0.33,0.67,fear
0.14,0.0,0.0,0.24,0.62,fear
0.5,0.0,0.0,0.0,0.5,happy
0.0,0.0,0.25,0.0,0.75,fear
0.02,0.04,0.15,0.4,0.4,sad
0.0,0.0,0.0,0.0,1.0,fear
0.0,0.0,0.0,0.4,0.6,fear
0.0,0.07,0.14,0.21,0.57,fear
0.0,0.0,0.0,1.0,0.0,sad
0.0,0.17,0.17,0.33,0.33,sad
0.0,0.0,0.0,0.0,1.0,fear
0.0,0.0,0.0,0.2,0.8,fear
0.0,0.0,0.0,1.0,0.0,sad
0.0,0.0,0.0,0.0,0.0,happy
0.0,0.0,1.0,0.0,0.0,surprise
0.085,0.0,0.19,0.215,0.505,fear
0.07,0.07,0.07,0.21,0.57,fear
0.14,0.0,0.29,0.14,0.43,fear
0.22,0.0,0.11,0.11,0.56,fear
0.0,0.12,0.38,0.0,0.5,fear
0.0,0.0,0.0,0.0,0.0,happy
0.17,0.0,0.39,0.17,0.26,surprise
0.0,0.0,0.25,0.17,0.58,fear
0.11,0.0,0.22,0.11,0.56,fear
0.25,0.12,0.0,0.25,0.38,fear
0.0,0.0,0.2,0.2,0.6,fear
0.0,0.0,0.0,0.0,1.0,fear
0.0,0.0,0.2,0.2,0.6,fear
0.12,0.0,0.12,0.25,0.5,fear
0.12,0.0,0.08,0.21,0.58,fear
0.25,0.0,0.06,0.44,0.25,sad
0.0,0.04,0.075,0.115,0.27,fear
0.12,0.16,0.04,0.28,0.4,fear
0.0,0.0,0.0,0.0,1.0,fear
0.0,0.0,0.0,0.0,1.0,fear
0.0,0.0,0.25,0.0,0.75,fear
0.5,0.0,0.0,0.0,0.5,happy
0.0,0.0,0.0,0.0,1.0,fear
0.0,0.0,0.25,0.33,0.42,fear
0.27,0.09,0.18,0.09,0.36,fear
0.0,0.2,0.0,0.2,0.6,fear
0.0,0.0,0.25,0.25,0.5,fear
0.08,0.08,0.08,0.42,0.33,sad
0.16666666666666666,0.013333333333333334,0.13999999999999999,0.15333333333333335,0.5333333333333333,fear
0.0,0.0,0.0,0.5,0.5,sad
0.0,0.0,0.06,0.125,0.81,fear
0.08,0.04,0.08,0.21,0.58,fear
0.0,0.0,0.0,0.23,0.77,fear
0.33,0.0,0.33,0.17,0.17,happy
0.1925,0.0425,0.0975,0.2425,0.425,fear
0.0,0.0,0.67,0.0,0.33,surprise
0.02,0.17,0.17,0.38,0.26,sad
0.18,0.0,0.12,0.12,0.59,fear
0.0,0.08,0.25,0.08,0.58,fear
0.2,0.0,0.0,0.0,0.8,fear
0.0,0.0,0.0,0.5,0.5,sad
0.0,0.0,0.0,0.0,1.0,fear
0.1,0.0,0.0,0.6,0.3,sad
0.0,0.0,0.5,0.5,0.0,surprise
0.12,0.02,0.17,0.14,0.55,fear
0.0,0.0,0.12,0.62,0.25,sad
0.0,0.08,0.42,0.33,0.17,surprise
0.0,0.0,0.0,0.67,0.33,sad
0.25,0.0,0.12,0.12,0.5,fear
0.0,0.0,1.0,0.0,0.0,surprise
0.0,0.0,0.0,0.33,0.67,fear
0.08,0.08,0.18,0.21,0.46,fear
0.0,0.0,0.12,0.12,0.75,fear
0.33,0.17,0.0,0.17,0.33,happy
0.0,0.0,0.12,0.25,0.62,fear
0.0,0.0,0.57,0.0,0.43,surprise
0.165,0.165,0.165,0.33,0.165,sad
0.0,0.0,0.0,0.0,1.0,fear
0.04,0.13,0.22,0.26,0.35,fear
0.25,0.0,0.0,0.0,0.75,fear
0.0,0.0,0.5,0.0,0.5,surprise
0.0,0.0,0.27,0.27,0.45,fear
0.2,0.0,0.0,0.2,0.6,fear
0.0,0.0,0.44,0.0,0.56,fear
0.0,0.0,0.0,0.0,1.0,fear
0.0,0.0,0.25,0.25,0.5,fear
0.07,0.0,0.07,0.215,0.645,fear
0.0,0.25,0.0,0.0,0.75,fear
0.0,0.0,0.4,0.2,0.4,surprise
0.12,0.06,0.0,0.29,0.53,fear
0.18,0.14,0.07,0.27,0.34,fear
0.0,0.0,0.12,0.0,0.88,fear
0.0,0.0,0.0,0.0,1.0,fear
0.0,0.06,0.29,0.35,0.29,sad
0.19,0.05,0.07,0.44,0.26,sad
0.1,0.0,0.0,0.2,0.7,fear
0.0,0.0,0.0,1.0,0.0,sad
0.11,0.0,0.0,0.44,0.44,sad
0.045,0.03,0.35,0.13,0.445,fear
0.0,0.04,0.3,0.39,0.26,sad
0.4,0.0,0.05,0.2,0.35,happy
0.17,0.08,0.08,0.08,0.58,fear
0.06,0.12,0.27,0.24,0.3,fear
0.43,0.29,0.14,0.14,0.0,happy
0.0,0.0,0.0,0.2,0.8,fear
0.0,0.0,0.0,0.2,0.8,fear
0.025,0.0,0.33499999999999996,0.195,0.44499999999999995,fear
0.13,0.0,0.13,0.2,0.53,fear
0.0,0.14,0.0,0.14,0.71,fear
0.0,0.0,0.33,0.33,0.33,surprise
0.0,0.0,0.5,0.0,0.5,surprise
0.0,0.0,0.5,0.5,0.0,surprise
0.18,0.09,0.0,0.36,0.36,sad
0.0,0.18,0.09,0.45,0.27,sad
0.14,0.0,0.0,0.29,0.57,fear
0.0,0.0,0.0,0.5,0.5,sad
0.25,0.0,0.0,0.0,0.75,fear
0.25,0.08,0.0,0.29,0.38,fear
0.25,0.25,0.0,0.25,0.25,happy
0.0,0.0,0.17,0.17,0.67,fear
0.0,0.0,0.14,0.27,0.59,fear
0.04,0.12,0.16,0.2,0.48,fear
0.0,0.0,0.0,0.0,0.0,happy
0.0,0.0,0.33,0.33,0.33,surprise
0.0,0.17,0.0,0.17,0.67,fear
0.0,0.0,0.18,0.24,0.59,fear
0.0,0.08,0.25,0.17,0.5,fear
0.06,0.06,0.18,0.35,0.35,sad
0.0,0.0,0.0,0.4,0.6,fear
0.0,0.0,0.0,0.0,1.0,fear
0.0,0.0,0.0,0.3,0.7,fear
1.0,0.0,0.0,0.0,0.0,happy
0.0,0.14,0.0,0.57,0.29,sad
0.09,0.0,0.09,0.45,0.36,sad
0.0,0.0,0.0,0.4,0.6,fear
0.0,0.0,0.0,0.5,0.5,sad
0.0,0.18,0.18,0.09,0.55,fear
0.0,0.0,0.25,0.25,0.5,fear
0.0,0.0,0.0,0.0,1.0,fear
0.33,0.0,0.0,0.0,0.67,fear
0.2,0.03,0.23,0.17,0.37,fear
0.0,0.07,0.07,0.14,0.71,fear
0.06,0.06,0.13,0.55,0.19,sad
0.33,0.0,0.33,0.0,0.33,happy
0.03,0.03,0.13,0.19,0.61,fear
0.04,0.0,0.0,0.33,0.62,fear
0.12,0.0,0.12,0.38,0.38,sad
0.33,0.0,0.33,0.0,0.33,happy
0.0,0.0,0.2,0.225,0.575,fear
0.02,0.03666666666666667,0.07333333333333333,0.07333333333333333,0.4633333333333334,fear
0.0,0.25,0.25,0.0,0.5,fear
0.05,0.0,0.3,0.2,0.45,fear
0.05,0.025,0.055,0.08,0.7949999999999999,fear
0.06,0.06,0.17,0.22,0.5,fear
0.0,0.17,0.08,0.25,0.5,fear
0.33,0.06,0.19,0.28,0.14,happy
0.29,0.0,0.04,0.2,0.47,fear
0.15,0.11,0.0,0.15,0.59,fear
0.05,0.1,0.1,0.4,0.35,sad
0.12,0.06,0.0,0.5,0.31,sad
0.0,0.25,0.0,0.0,0.75,fear
0.0,0.0,0.14,0.36,0.5,fear
0.0,0.0,0.1,0.6,0.3,sad
0.16,0.07,0.06,0.285,0.42,fear
0.0,0.0,0.0,0.0,0.0,happy
0.12,0.0,0.12,0.29,0.47,fear
0.0,0.0,0.0,0.0,0.0,happy
0.08,0.08,0.08,0.35,0.42,fear
0.0,0.0,0.67,0.33,0.0,surprise
0.25,0.0,0.0,0.5,0.25,sad
0.25,0.0,0.0,0.5,0.25,sad
0.13333333333333333,0.11,0.06666666666666667,0.0,0.69,fear
0.0,0.0,0.0,0.25,0.75,fear
0.0,0.0,0.0,0.5,0.5,sad
0.0,0.33,0.33,0.0,0.33,angry
0.17,0.0,0.0,0.17,0.67,fear
0.06,0.03,0.09,0.24,0.58,fear
0.25,0.0,0.0,0.25,0.0,happy
0.22,0.11,0.06,0.33,0.28,sad
0.0,0.0,0.38,0.12,0.5,fear
0.0,0.0,0.0,0.0,0.0,happy
0.21,0.11,0.26,0.11,0.32,fear
0.23,0.05,0.11,0.18,0.43,fear
0.05,0.0,0.15,0.45,0.35,sad
0.0175,0.0925,0.11,0.24250000000000005,0.53,fear
0.0,0.0,0.0,0.5,0.5,sad
0.03,0.05,0.14,0.27,0.51,fear
0.0,0.0,0.0,0.22,0.78,fear
0.25,0.03666666666666667,0.3233333333333333,0.07333333333333335,0.31666666666666665,surprise
0.0,0.12,0.0,0.62,0.25,sad
0.0,0.2,0.0,0.4,0.4,sad
0.11,0.11,0.0,0.33,0.44,fear
0.0,0.0,0.29,0.07,0.64,fear
0.0,0.0,0.0,0.0,1.0,fear
0.12,0.12,0.25,0.25,0.25,surprise
0.09,0.03,0.23,0.31,0.34,fear
0.11,0.18,0.055,0.165,0.485,fear
0.0,0.0,0.0,0.0,0.0,happy
0.11,0.11,0.16666666666666666,0.11,0.5,fear
0.11,0.11,0.19,0.22,0.37,fear
0.09,0.03,0.29,0.09,0.5,fear
0.33,0.0,0.0,0.44,0.22,sad
0.04,0.08,0.28,0.4,0.2,sad
0.07,0.11000000000000001,0.135,0.065,0.62,fear
0.0,0.06,0.13,0.195,0.605,fear
0.0,0.25,0.12,0.12,0.5,fear
0.04,0.04,0.04,0.24,0.645,fear
0.07,0.0,0.0,0.07,0.355,fear
0.07,0.0,0.18,0.11,0.635,fear
0.05,0.05,0.085,0.25,0.56,fear
0.11,0.18,0.19,0.28,0.235,sad
0.0,0.055,0.055,0.28,0.61,fear
0.115,0.075,0.325,0.0,0.48,fear
0.35,0.05,0.1,0.0,0.5,fear
0.025,0.025,0.43,0.22999999999999998,0.29,surprise
0.06,0.0,0.09666666666666668,0.16,0.3466666666666667,fear
0.015,0.0,0.09,0.37,0.525,fear
0.0,0.0,0.055,0.275,0.67,fear
0.09,0.0,0.18,0.45,0.27,sad
0.14,0.09,0.14,0.34,0.29,sad
0.0,0.0,0.0,1.0,0.0,sad
0.0,0.0,0.18,0.27,0.55,fear
0.0,0.12,0.12,0.38,0.38,sad
0.0,0.0,0.1,0.2,0.7,fear
0.0,0.0,0.0,0.0,1.0,fear
0.0,0.0,0.0,0.0,1.0,fear
0.08499999999999999,0.0,0.235,0.095,0.585,fear
0.44,0.0,0.0,0.44,0.125,happy
1.0,0.0,0.0,0.0,0.0,happy
0.04,0.115,0.155,0.04,0.655,fear
0.15,0.0,0.1,0.4,0.35,sad
0.08,0.02,0.085,0.255,0.56,fear
0.0,0.0,0.05,0.4,0.55,fear
0.03,0.03,0.225,0.37,0.335,sad
0.13,0.07,0.2,0.33,0.27,sad
0.0,0.0,0.0,0.5,0.5,sad
0.125,0.0,0.625,0.0,0.25,surprise
0.25,0.02,0.2225,0.0775,0.43,fear
0.0,0.0,0.185,0.15,0.67,fear
0.0,0.0,1.0,0.0,0.0,surprise
0.3,0.15000000000000002,0.05,0.15,0.35,fear
0.045,0.0,0.24,0.18,0.535,fear
0.2,0.0,0.0,0.0,0.8,fear
0.0,0.0,0.0,1.0,0.0,sad
0.12000000000000001,0.05,0.12000000000000001,0.17,0.5349999999999999,fear
0.33,0.0,0.0,0.0,0.67,fear
0.0,0.0,0.33,0.33,0.33,surprise
0.1,0.045,0.135,0.335,0.38,fear
0.0,0.07,0.07,0.4,0.47,fear
0.25,0.0,0.17,0.17,0.42,fear
0.0,0.0,0.2,0.6,0.2,sad
0.165,0.035,0.035,0.365,0.4,fear
0.0,0.0,0.0,0.0,1.0,fear
0.33,0.33,0.0,0.0,0.33,happy
0.0,0.0,0.0,0.5,0.5,sad
0.31666666666666665,0.0,0.12,0.26333333333333336,0.2966666666666667,happy
0.14,0.0,0.29,0.43,0.14,sad
0.11,0.0,0.22000000000000003,0.245,0.42,fear
0.03333333333333333,0.0,0.08333333333333333,0.125,0.7583333333333333,fear
0.0,0.0,0.0,0.0,1.0,fear
0.20500000000000002,0.015,0.035,0.245,0.49,fear
0.0,0.08,0.17,0.0,0.75,fear
0.0,0.0,0.0,0.0,1.0,fear
0.18,0.07,0.11,0.32,0.32,sad
0.0,0.0,0.0,0.5,0.5,sad
0.2,0.055,0.055,0.21000000000000002,0.48000000000000004,fear
0.175,0.0,0.105,0.105,0.62,fear
0.0,0.0,0.0,0.0,0.0,happy
0.0,0.025,0.05,0.025,0.4,fear
0.2,0.0,0.0,0.4,0.4,sad
0.06,0.06,0.0,0.53,0.35,sad
0.06,0.06,0.125,0.625,0.125,sad
0.0,0.0,0.17,0.5,0.33,sad
0.07,0.07,0.26,0.19,0.42,fear
0.2,0.0,0.0,0.8,0.0,sad
0.03,0.08,0.05,0.35,0.49,fear
0.0,0.07,0.0,0.14,0.79,fear
0.06,0.0,0.03,0.205,0.7,fear
0.24,0.12,0.06,0.24,0.35,fear
0.0,0.0,0.0,0.0,1.0,fear
0.0,0.0,0.0,0.33,0.67,fear
0.06,0.06,0.125,0.06,0.69,fear
0.0,0.0,0.25,0.75,0.0,sad
0.06799999999999999,0.064,0.17800000000000002,0.166,0.5279999999999999,fear
0.0,0.29,0.0,0.57,0.14,sad
0.3,0.1,0.0,0.5,0.1,sad
0.0,0.0,0.5,0.5,0.0,surprise
0.0,0.0,0.0,1.0,0.0,sad
0.0,0.0,0.25,0.5,0.25,sad
0.16666666666666666,0.16666666666666666,0.0,0.0,0.6666666666666666,fear
0.4,0.0,0.2,0.0,0.4,happy
0.0,0.0,0.0,0.5,0.5,sad
0.03,0.03,0.06,0.31,0.58,fear
0.09,0.0,0.275,0.265,0.365,fear
0.0,0.5,0.25,0.25,0.0,angry
0.03,0.03,0.03,0.45,0.45,sad
0.08333333333333333,0.04,0.06,0.37333333333333335,0.43999999999999995,fear
0.0,0.25,0.0,0.0,0.75,fear
0.0,0.0,0.0,0.2,0.8,fear
0.0,0.0,0.07,0.07,0.855,fear
0.0,0.0,0.4,0.4,0.2,surprise
0.06,0.0,0.29,0.18,0.47,fear
0.07,0.02,0.12,0.32,0.46,fear
0.17,0.0,0.17,0.11,0.56,fear
0.03,0.0,0.24,0.24,0.48,fear
0.0,0.0,0.0,0.0,0.0,happy
0.04,0.0,0.0,0.165,0.79,fear
0.0,0.09,0.0,0.09,0.82,fear
0.0,0.0,0.3,0.3,0.4,fear
0.225,0.225,0.05,0.1,0.4,fear
0.5,0.0,0.0,0.5,0.0,happy
0.0,0.0,0.0,1.0,0.0,sad
0.0,0.0,0.0,0.67,0.33,sad
0.0,0.33,0.0,0.44,0.22,sad
0.0,0.0,0.0,0.5,0.0,sad
0.08,0.08,0.25,0.17,0.42,fear
0.02,0.0,0.21000000000000002,0.33999999999999997,0.42500000000000004,fear
0.0,0.0,0.025,0.59,0.385,sad
0.0,0.0,0.5,0.5,0.0,surprise
0.1,0.0,0.04,0.115,0.745,fear
0.11499999999999999,0.055,0.18,0.11499999999999999,0.53,fear
0.03,0.0,0.03,0.14500000000000002,0.7949999999999999,fear
0.055,0.0,0.29000000000000004,0.29000000000000004,0.36,fear
0.05,0.005,0.235,0.28500000000000003,0.42999999999999994,fear
0.045,0.0,0.225,0.18,0.045,surprise
0.05,0.0,0.1,0.62,0.24,sad
0.0,0.0,0.165,0.41500000000000004,0.41500000000000004,sad
0.0,0.0,0.045,0.345,0.6100000000000001,fear
0.045,0.045,0.105,0.41500000000000004,0.385,sad
0.14,0.0,0.29,0.43,0.14,sad
0.0,0.0,0.0,0.0,0.5,fear
0.0,0.0,0.0,0.0,1.0,fear
0.125,0.0,0.0,0.75,0.125,sad
0.0,0.0,0.0,0.33,0.67,fear
0.275,0.02,0.35500000000000004,0.195,0.15,surprise
0.12,0.0,0.38,0.25,0.25,surprise
0.07,0.0,0.13,0.4,0.4,sad
0.215,0.04,0.24,0.16,0.33499999999999996,fear
0.07666666666666667,0.023333333333333334,0.09000000000000001,0.14333333333333334,0.6666666666666666,fear
0.0,0.0,0.0,0.0,1.0,fear
0.25,0.0,0.585,0.0,0.165,surprise
0.14,0.04,0.08,0.15000000000000002,0.6000000000000001,fear
0.0,0.0,0.0,0.4,0.6,fear
0.0,0.0,0.0,0.0,0.0,happy
0.13,0.0,0.13,0.13,0.6,fear
0.15,0.08,0.04,0.35,0.38,fear
0.0,0.0,0.18,0.09,0.73,fear
0.0890909090909091,0.009090909090909092,0.15636363636363637,0.2963636363636364,0.4481818181818182,fear
0.0,0.09,0.09,0.13,0.7,fear
0.0,0.0,0.0,0.125,0.875,fear
0.14,0.05,0.0,0.32,0.5,fear
0.0,0.0,0.15,0.38,0.46,fear
0.29,0.0,0.0,0.14,0.57,fear
0.1,0.05,0.0,0.05,0.8,fear
0.0,0.0,0.0,0.0,0.0,happy
0.0,0.0,0.0,0.25,0.75,fear
0.0,0.0,0.2,0.2,0.6,fear
0.0,0.0,0.125,0.05,0.825,fear
0.0,0.6,0.0,0.2,0.2,angry
0.0,0.0,1.0,0.0,0.0,surprise
0.09,0.0,0.18,0.18,0.55,fear
0.0,0.125,0.0,0.125,0.75,fear
0.0,0.24,0.05,0.43,0.29,sad
0.045,0.09,0.165,0.09,0.6100000000000001,fear
0.085,0.155,0.065,0.22999999999999998,0.465,fear
0.06,0.0,0.25,0.31,0.38,fear
0.145,0.13,0.06,0.09,0.575,fear
0.12,0.0,0.12,0.12,0.62,fear
0.03666666666666667,0.11,0.17666666666666667,0.13666666666666666,0.5366666666666667,fear
0.06,0.0,0.06,0.64,0.24,sad
0.0,0.0,0.14,0.43,0.43,sad
0.04,0.04,0.0,0.12666666666666668,0.45999999999999996,fear
0.0,0.07,0.195,0.28,0.44999999999999996,fear
0.1,0.1,0.17,0.19,0.45,fear
0.0,0.0,0.33,0.33,0.33,surprise
0.0,0.0,0.0,0.0,1.0,fear
0.075,0.02,0.055,0.11,0.74,fear
0.0,0.0,0.0,0.33,0.67,fear
0.07,0.07,0.0,0.135,0.72,fear
0.0,0.055,0.0,0.11,0.835,fear
0.0,0.0,0.0,0.2,0.8,fear
0.0,0.0,0.67,0.33,0.0,surprise
0.20500000000000002,0.04,0.04,0.23,0.48,fear
0.12,0.12,0.25,0.25,0.25,surprise
0.0,0.0,0.0,0.0,0.0,happy
0.0,0.1,0.45,0.2,0.25,surprise
0.04,0.17,0.17,0.09,0.52,fear
0.0,0.0,0.0,0.0,1.0,fear
0.14,0.04,0.21,0.29,0.32,fear
0.0,0.0,0.01,0.13999999999999999,0.65,fear
0.15500000000000003,0.025,0.085,0.29000000000000004,0.44999999999999996,fear
0.14,0.14,0.14,0.17,0.42,fear
0.0,0.045,0.15,0.215,0.5900000000000001,fear
0.0,0.0,0.0,0.2,0.8,fear
0.04,0.08,0.24,0.32,0.32,sad
0.155,0.03,0.185,0.32499999999999996,0.31,sad
0.0,0.0,0.085,0.41500000000000004,0.5,fear
0.0,0.0,0.0,0.5,0.5,sad
0.04,0.125,0.075,0.365,0.395,fear
0.08,0.15,0.08,0.31,0.38,fear
0.14,0.05,0.05,0.09,0.68,fear
0.0,0.0,0.0,0.25,0.75,fear
0.11,0.05,0.11,0.42,0.32,sad
0.08625000000000001,0.0,0.18625000000000003,0.09125,0.6375000000000001,fear
0.20500000000000002,0.0,0.14500000000000002,0.25,0.405,fear
0.05,0.14,0.0,0.38,0.43,fear
0.0,0.0,0.0,0.0,1.0,fear
0.0,0.0,0.0,0.25,0.75,fear
0.0,0.0,0.0,0.5,0.5,sad
0.0,0.0,0.38,0.31,0.31,surprise
0.25,0.0,0.38,0.12,0.25,surprise
0.0,0.25,0.0,0.5,0.25,sad
0.03,0.03,0.05,0.3,0.59,fear
0.0,0.0,0.67,0.0,0.33,surprise
0.0,0.08,0.15,0.0,0.77,fear
0.0,0.0,0.2,0.2,0.6,fear
0.0,0.11,0.11,0.33,0.44,fear
0.12,0.18,0.18,0.18,0.35,fear
0.0,0.0,0.0,0.0,1.0,fear
0.11,0.015,0.125,0.28,0.46499999999999997,fear
0.0,0.0,0.11,0.44,0.44,sad
0.015,0.0,0.185,0.45999999999999996,0.33499999999999996,sad
0.0,0.06,0.06,0.38,0.5,fear
0.0,0.0,0.25,0.25,0.5,fear
0.145,0.0,0.1,0.27,0.485,fear
0.06,0.15,0.13,0.25,0.4,fear
0.0,0.07,0.07,0.21,0.64,fear
0.12,0.06,0.19,0.25,0.38,fear
0.0,0.0,0.665,0.165,0.165,surprise
0.16468750000000001,0.023750000000000004,0.08125,0.19531250000000003,0.4718750000000001,fear
0.1,0.02,0.14,0.19,0.55,fear
0.095,0.03,0.12,0.23,0.52,fear
0.0,0.0,0.33,0.33,0.33,surprise
0.11,0.11,0.11,0.22,0.44,fear
0.19,0.1,0.05,0.19,0.48,fear
0.13,0.07,0.07,0.4,0.33,sad
0.0,0.0,0.365,0.41500000000000004,0.22,sad
0.0,0.0,0.5,0.0,0.5,surprise
0.06,0.0,0.125,0.625,0.19,sad
0.055,0.0,0.055,0.0,0.39,fear
0.0,0.18,0.09,0.36,0.36,sad
0.0,0.19,0.14,0.3,0.38,fear
0.0,0.0,0.2,0.2,0.6,fear
0.0,0.0,0.0,0.0,0.5,fear
0.04,0.0,0.03,0.31,0.615,fear
0.0,0.04,0.13,0.48,0.35,sad
0.12,0.0,0.29,0.2,0.39,fear
0.36,0.0,0.14,0.36,0.14,happy
0.049999999999999996,0.0,0.18666666666666668,0.11,0.65,fear
0.0,0.03666666666666667,0.16666666666666666,0.07333333333333333,0.7233333333333333,fear
0.0,0.21,0.07,0.36,0.36,sad
0.07,0.2,0.33,0.13,0.27,surprise
0.0,0.0,0.0,0.33,0.67,fear
0.0,0.14,0.0,0.0,0.86,fear
0.23,0.045,0.045,0.255,0.42500000000000004,fear
0.0,0.0,0.535,0.1,0.365,surprise
0.07,0.0,0.0,0.215,0.715,fear
0.5,0.0,0.0,0.0,0.5,happy
0.0,0.0,0.0,0.47,0.53,fear
0.0,0.0,0.4,0.4,0.2,surprise
0.0,0.0,0.17,0.11,0.72,fear
0.07,0.03,0.32,0.25,0.32,surprise
0.0,0.0,0.38,0.15,0.46,fear
0.0,0.0,0.25,0.08,0.67,fear
0.0,0.0,0.0,0.0,1.0,fear
0.14,0.0,0.14,0.29,0.43,fear
0.0,0.05,0.05,0.145,0.26,fear
0.06,0.29,0.18,0.24,0.24,angry
0.0,0.585,0.085,0.25,0.085,angry
0.04,0.0,0.07,0.46,0.43,sad
0.0,0.0,0.0,0.0,1.0,fear
0.12,0.25,0.0,0.5,0.12,sad
0.23,0.0,0.09,0.27,0.41,fear
0.0,0.0,0.5,0.25,0.25,surprise
0.0,0.0,0.0,0.17,0.83,fear
0.03,0.0,0.0,0.125,0.345,fear
0.0,0.0,0.2,0.4,0.4,sad
0.0,0.0,0.19,0.43,0.38,sad
0.12,0.12,0.0,0.25,0.5,fear
0.0,0.0,0.0,1.0,0.0,sad
0.1,0.1,0.2,0.3,0.3,sad
0.0,0.0,0.5,0.0,0.5,surprise
0.0,0.0,0.125,0.25,0.625,fear
0.0,0.0,0.0,0.5,0.5,sad
0.0,0.0,0.2,0.2,0.6,fear
0.0,0.0,0.4,0.0,0.6,fear
0.04,0.11,0.07,0.3,0.48,fear
0.0,0.22,0.0,0.22,0.56,fear
0.0,0.0,0.0,0.0,1.0,fear
0.2,0.0,0.0,0.2,0.6,fear
0.0625,0.0,0.07,0.1825,0.6849999999999999,fear
0.0,0.0,0.0,0.0,1.0,fear
0.0,0.14,0.14,0.57,0.14,sad
0.29,0.0,0.18,0.18,0.35,fear
0.12,0.08,0.12,0.16,0.52,fear
0.0,0.0,0.0,0.5,0.5,sad
0.06,0.02,0.22,0.24,0.45,fear
0.0,0.0,0.13333333333333333,0.15,0.7166666666666667,fear
0.0,0.0,0.0,0.0,0.0,happy
0.0,0.0,0.0,0.0,1.0,fear
0.0,0.0,0.0,0.5,0.5,sad
0.0,0.0,0.14,0.14,0.71,fear
0.48,0.0,0.13,0.0,0.39,happy
0.0,0.0,0.21,0.21,0.57,fear
0.0,0.07,0.13,0.6,0.2,sad
0.085,0.0,0.0,0.25,0.67,fear
0.05666666666666667,0.09333333333333334,0.02,0.18666666666666668,0.64,fear
0.08,0.0,0.18,0.46,0.28,sad
0.0,0.0,0.0,0.67,0.33,sad
0.0,0.0,0.22,0.0,0.78,fear
0.19,0.06,0.13,0.23,0.4,fear
0.225,0.0,0.095,0.315,0.36,fear
0.03125,0.075,0.0875,0.40625,0.4,sad
0.0,0.0,0.0,0.5,0.5,sad
0.0,0.33,0.33,0.33,0.0,angry
0.11,0.18,0.08,0.37,0.26,sad
0.2,0.0,0.0,0.0,0.8,fear
0.335,0.0,0.0625,0.22750000000000004,0.125,happy
0.2,0.0,0.0,0.4,0.4,sad
0.0,0.0,0.8,0.0,0.2,surprise
0.0,0.0,0.0,0.0,1.0,fear
0.25,0.0,0.0,0.25,0.5,fear
0.155,0.0,0.055,0.205,0.585,fear
0.25,0.0,0.0,0.5,0.25,sad
0.1,0.29,0.15,0.15,0.31,fear
0.11,0.0,0.11,0.67,0.11,sad
0.08,0.0,0.08,0.54,0.31,sad
0.0,0.0,0.0,0.5566666666666666,0.11,sad
0.0,0.0,0.0,0.0,0.5,fear
0.125,0.0,0.25,0.0,0.625,fear
0.0,0.0,0.0,0.0,0.0,happy
0.09,0.0,0.125,0.31,0.48,fear
0.11,0.05,0.05,0.47,0.32,sad
0.0,0.0,0.0,0.5,0.5,sad
0.0,0.0,0.0,0.0,1.0,fear
0.035,0.095,0.2,0.155,0.515,fear
0.04,0.03,0.15,0.27,0.51,fear
0.14,0.0,0.29,0.29,0.29,surprise
0.085,0.07500000000000001,0.2,0.15000000000000002,0.49,fear
0.18,0.06,0.12,0.53,0.12,sad
0.08333333333333333,0.12,0.016666666666666666,0.27666666666666667,0.5,fear
0.0,0.0,0.05,0.1825,0.5175000000000001,fear
0.0,0.0,0.0,0.0,1.0,fear
0.25,0.25,0.0,0.5,0.0,sad
0.0,0.0,0.0,1.0,0.0,sad
0.235,0.0,0.055,0.36,0.345,sad
0.085,0.0,0.03,0.61,0.28,sad
0.1,0.1,0.1,0.33,0.38,fear
0.015,0.0375,0.2225,0.2875,0.4375,fear
0.28500000000000003,0.065,0.0,0.165,0.485,fear
0.0,0.0,0.6,0.0,0.4,surprise
0.0,0.07,0.07,0.15500000000000003,0.7,fear
0.17,0.17,0.17,0.33,0.17,sad
0.0,0.0,0.04,0.33499999999999996,0.625,fear
0.29000000000000004,0.0,0.04,0.335,0.33499999999999996,sad
0.07333333333333333,0.04666666666666667,0.22,0.22999999999999998,0.42333333333333334,fear
0.0,0.0,0.25,0.25,0.5,fear
0.14,0.0,0.2,0.18,0.47,fear
0.135,0.035,0.07,0.16999999999999998,0.585,fear
0.0,0.2,0.2,0.2,0.4,fear
0.12,0.0,0.38,0.25,0.25,surprise
0.0,0.0,0.0,0.0,1.0,fear
0.124,0.0,0.024,0.024,0.8240000000000001,fear
0.19,0.0,0.06,0.38,0.38,sad
0.33,0.0,0.67,0.0,0.0,surprise
0.0,0.11,0.33,0.11,0.44,fear
0.0,0.0,0.5,0.2,0.3,surprise
0.145,0.0,0.255,0.23500000000000001,0.365,fear
0.16,0.0,0.05,0.47,0.32,sad
0.0,0.0,0.11,0.33,0.56,fear
0.0,0.0,0.0,0.0,0.0,happy
0.12,0.06,0.12,0.41,0.29,sad
0.0,0.0,0.0,0.3,0.7,fear
0.08,0.09,0.17,0.34,0.32,sad
0.05,0.15000000000000002,0.15000000000000002,0.18,0.475,fear
0.09,0.09,0.27,0.18,0.36,fear
0.08,0.0,0.162,0.128,0.628,fear
0.0,0.04,0.125,0.085,0.25,fear
0.0,0.02,0.14,0.55,0.29,sad
0.055,0.055,0.58,0.13,0.185,surprise
0.1,0.0,0.7,0.1,0.1,surprise
0.0,0.0,0.15,0.31,0.54,fear
0.11,0.0,0.15,0.22,0.52,fear
0.0,0.0,1.0,0.0,0.0,surprise
0.0,0.0,0.125,0.375,0.0,sad
0.0,0.1,0.1,0.0,0.8,fear
0.2,0.0,0.2,0.2,0.4,fear
0.04,0.05,0.02,0.30000000000000004,0.59,fear
0.36,0.0,0.18,0.09,0.36,happy
0.0,0.08,0.21,0.25,0.46,fear
0.08,0.0,0.15,0.38,0.38,sad
0.0,0.0,0.33,0.67,0.0,sad
0.0,0.05,0.05,0.38,0.52,fear
0.0,0.0,0.05666666666666667,0.22333333333333336,0.38999999999999996,fear
0.12,0.15,0.12,0.12,0.5,fear
0.07,0.0,0.18,0.36,0.39,fear
0.1,0.0,0.1,0.3,0.5,fear
0.09666666666666666,0.03,0.12666666666666668,0.49,0.25666666666666665,sad
0.015,0.0,0.065,0.2,0.715,fear
0.0,0.0,0.0,0.33,0.67,fear
0.0,0.0,0.11,0.44,0.44,sad
0.0,0.13,0.2,0.33,0.33,sad
0.1325,0.0,0.0,0.175,0.6925,fear
0.06,0.06,0.24,0.06,0.59,fear
0.27,0.006,0.03,0.284,0.40800000000000003,fear
0.0,0.0,0.2,0.4,0.4,sad
0.2,0.0,0.0,0.4,0.4,sad
0.12,0.18,0.12,0.35,0.24,sad
0.3333333333333333,0.03666666666666667,0.07333333333333333,0.07333333333333333,0.48,fear
0.07,0.17,0.17,0.37,0.23,sad
0.1,0.05,0.15,0.27,0.44,fear
0.0,0.0,0.0,0.67,0.33,sad
0.125,0.0,0.27,0.07,0.5349999999999999,fear
0.0,0.0,0.0,0.0,1.0,fear
0.07,0.07,0.07,0.21,0.57,fear
0.0,0.0,0.25,0.25,0.5,fear
0.04,0.04,0.22,0.26,0.44,fear
0.06,0.06,0.12,0.38,0.38,sad
0.22,0.0,0.0,0.44,0.33,sad
0.035,0.035,0.08,0.29000000000000004,0.56,fear
0.0,0.06,0.0,0.5,0.44,sad
0.22,0.0,0.11,0.33,0.33,sad
0.0,0.0,0.0,0.33,0.67,fear
0.08,0.0,0.25,0.17,0.5,fear
0.15,0.15,0.15,0.15,0.38,fear
0.0,0.0,0.33,0.22,0.44,fear
0.0,0.0,0.25,0.25,0.5,fear
0.0,0.17,0.08,0.33,0.42,fear
0.14,0.0,0.02,0.195,0.645,fear
0.0,0.0,0.0,0.5,0.5,sad
0.23,0.045,0.045,0.275,0.405,fear
0.08,0.17,0.17,0.33,0.25,sad
0.0,0.015,0.12,0.12,0.24,fear
0.1,0.02,0.045,0.24000000000000002,0.6,fear
0.06,0.0,0.06,0.19,0.69,fear
0.0,0.0,0.0,0.27,0.73,fear
0.5,0.0,0.0,0.0,0.5,happy
0.0,0.0,0.0,0.0,1.0,fear
0.14,0.0,0.1,0.38,0.38,sad
0.09,0.0,0.18,0.09,0.64,fear
0.0,0.0,0.5,0.5,0.0,surprise
0.05,0.14,0.05,0.33,0.43,fear
0.13,0.06,0.16,0.23,0.42,fear
0.04,0.0,0.0,0.1,0.86,fear
0.06,0.0,0.205,0.06,0.175,surprise
0.0,0.0,0.06,0.06,0.875,fear
0.04,0.0,0.04,0.11,0.81,fear
0.08333333333333333,0.19333333333333333,0.30666666666666664,0.16666666666666666,0.25,surprise
0.0,0.0,0.33,0.33,0.33,surprise
1.0,0.0,0.0,0.0,0.0,happy
0.13,0.0,0.2,0.33,0.33,sad
0.14,0.0,0.14,0.29,0.43,fear
1.0,0.0,0.0,0.0,0.0,happy
0.5,0.0,0.5,0.0,0.0,happy
0.0,0.0,0.25,0.0,0.75,fear
0.0,0.0,0.12,0.25,0.62,fear
0.0,0.08,0.31,0.15,0.46,fear
0.0,0.0,0.0,0.44,0.56,fear
0.14,0.03,0.14,0.23,0.46,fear
0.0,0.125,0.0,0.25,0.375,fear
0.0,0.0,0.0,1.0,0.0,sad
0.04,0.0,0.04,0.52,0.39,sad
0.25,0.0,0.12,0.38,0.25,sad
0.09,0.09,0.39,0.26,0.17,surprise
0.0,0.27,0.18,0.36,0.18,sad
0.06,0.12,0.06,0.25,0.5,fear
0.05,0.0,0.0,0.2,0.75,fear
0.21,0.0,0.0,0.21,0.57,fear
0.0,0.1,0.1,0.35,0.45,fear
0.0,0.03,0.19,0.25,0.53,fear
0.0,0.0,0.38,0.25,0.38,surprise
0.17,0.13,0.17,0.3,0.22,sad
0.0,0.0,0.0,0.0,1.0,fear
0.0,0.0,0.33,0.0,0.67,fear
0.065,0.165,0.0,0.35500000000000004,0.415,fear
0.17,0.03,0.14,0.26,0.4,fear
0.0,0.0,0.33,0.33,0.33,surprise
0.0,0.0,0.15,0.38,0.46,fear
0.0,0.0,0.3,0.1,0.6,fear
0.14,0.19,0.19,0.1,0.38,fear
0.03,0.0,0.06,0.175,0.235,fear
0.015,0.045,0.11,0.32,0.5,fear
0.05,0.05,0.23,0.27,0.41,fear
0.025,0.01,0.16,0.165,0.65,fear
0.06,0.06,0.12,0.25,0.5,fear
0.1516666666666667,0.0,0.08333333333333333,0.08333333333333333,0.515,fear
0.05,0.05,0.05,0.1,0.75,fear
0.145,0.07,0.0,0.215,0.5700000000000001,fear
0.0,0.0,0.33,0.33,0.33,surprise
0.0,0.125,0.125,0.31,0.435,fear
0.0,0.0,0.0,0.0,0.0,happy
0.0,0.18,0.0,0.18,0.64,fear
0.07,0.0,0.04,0.155,0.74,fear
0.185,0.045,0.185,0.08,0.505,fear
0.025,0.01,0.125,0.115,0.225,fear
0.0,0.0,0.2,0.0,0.8,fear
0.0,0.0,0.08,0.23,0.69,fear
0.0,0.0,0.0,0.1675,0.3325,fear
0.0,0.0,0.0,0.07,0.43,fear
0.015,0.0,0.11000000000000001,0.2975,0.57375,fear
0.05,0.05,0.26,0.18,0.46,fear
0.145,0.0,0.145,0.525,0.19,sad
0.06,0.0,0.25,0.185,0.5,fear
0.25,0.0,0.0,0.625,0.125,sad
0.0,0.0,0.0,0.125,0.875,fear
0.0,0.0,0.0,0.5,0.5,sad
0.17,0.0,0.08,0.33,0.42,fear
0.0,0.0,0.085,0.125,0.79,fear
0.08,0.15,0.15,0.31,0.31,sad
0.07,0.035,0.15000000000000002,0.05,0.6950000000000001,fear
0.08,0.0,0.08,0.23,0.62,fear
0.0,0.255,0.025,0.325,0.39,fear
0.07,0.03,0.25,0.28,0.38,fear
0.0,0.0,0.0,0.25,0.75,fear
0.26,0.0,0.125,0.16,0.45,fear
0.0,0.0,0.4,0.0,0.6,fear
0.1275,0.005,0.13,0.29500000000000004,0.43999999999999995,fear
0.0,0.0,0.0,0.0,1.0,fear
0.16666666666666666,0.028333333333333335,0.041666666666666664,0.145,0.6183333333333333,fear
0.0,0.0,0.33,0.33,0.33,surprise
0.0,0.0,0.0,0.0,0.0,happy
0.0,0.01,0.06,0.19,0.74,fear
0.0,0.06666666666666667,0.12333333333333334,0.11666666666666665,0.6933333333333334,fear
0.08,0.12,0.08,0.35,0.38,fear
0.0,0.0,0.0,0.3,0.2,sad
0.0,0.0,0.33,0.0,0.67,fear
0.0,0.1,0.1,0.2,0.6,fear
0.17,0.0,0.0,0.5,0.33,sad
0.0,0.1,0.0,0.4,0.5,fear
0.01,0.0,0.035,0.115,0.845,fear
0.0,0.0,0.2,0.0,0.8,fear
0.0,0.0,0.0,0.0,1.0,fear
0.12000000000000001,0.0675,0.1125,0.35750000000000004,0.3425,sad
0.18,0.0,0.08,0.0,0.54,fear
0.29,0.0,0.14,0.29,0.29,happy
0.0,0.0,0.0,0.0,0.0,happy
0.0,0.0,0.125,0.75,0.125,sad
0.0,0.01,0.15000000000000002,0.19,0.6499999999999999,fear
0.0,0.0,0.2,0.035,0.765,fear
0.34,0.03,0.11,0.24,0.29,happy
0.0,0.0,0.6,0.2,0.2,surprise
0.0,0.0,0.0,0.67,0.33,sad
0.0,0.0,0.17,0.0,0.83,fear
0.0,0.0,0.0,0.4,0.6,fear
0.025,0.0,0.075,0.475,0.425,sad
0.0,0.0,0.5,0.0,0.5,surprise
0.05,0.02,0.24,0.17,0.52,fear
0.08,0.0,0.08,0.15,0.69,fear
0.0,0.0,0.085,0.0,0.915,fear
0.065,0.0,0.05,0.145,0.74,fear
0.0,0.0,0.2,0.0,0.8,fear
0.2,0.0,0.1,0.4,0.3,sad
0.0,0.0,0.1,0.4,0.5,fear
0.22,0.0,0.0,0.11,0.67,fear
0.085,0.04,0.165,0.085,0.625,fear
0.25,0.0,0.0,0.0,0.75,fear
0.17,0.0,0.17,0.17,0.5,fear
0.0,0.11,0.11,0.33,0.44,fear
0.1,0.0,0.1,0.0,0.8,fear
0.0,0.0,0.0,0.33,0.67,fear
0.165,0.0,0.165,0.0,0.165,happy
0.05,0.0,0.11,0.32,0.53,fear
0.10200000000000001,0.0,0.28400000000000003,0.22599999999999998,0.386,fear
0.0,0.0,0.1,0.1,0.8,fear
0.11,0.0,0.11,0.22,0.56,fear
0.0,0.03,0.375,0.22,0.375,surprise
0.06,0.31,0.19,0.375,0.06,sad
0.08,0.0,0.0,0.58,0.33,sad
0.0,0.2,0.0,0.25,0.55,fear
0.0,0.0,0.33,0.0,0.67,fear
0.0,0.22,0.11,0.44,0.22,sad
0.06,0.0,0.06,0.28,0.61,fear
0.07,0.0,0.07,0.2,0.67,fear
0.035,0.01,0.16999999999999998,0.26,0.52,fear
0.04,0.055,0.08,0.09,0.735,fear
0.0,0.0,0.5,0.0,0.5,surprise
0.29,0.14,0.29,0.0,0.29,happy
0.0,0.5,0.0,0.0,0.5,angry
0.02,0.02,0.18,0.41,0.37,sad
0.11,0.07,0.04,0.39,0.39,sad
0.0,0.0,0.0,0.67,0.33,sad
0.395,0.0,0.165,0.125,0.31,happy
0.0,0.05,0.1,0.45,0.4,sad
0.0,0.12,0.0,0.0,0.88,fear
0.0,0.0,0.17,0.17,0.67,fear
0.11,0.05,0.0,0.37,0.47,fear
0.075,0.0,0.075,0.19,0.655,fear
0.030000000000000002,0.0,0.08,0.1925,0.7,fear
0.105,0.015,0.11,0.33499999999999996,0.43000000000000005,fear
0.02,0.015000000000000001,0.30875,0.315,0.34125,fear
0.3333333333333333,0.0,0.0,0.0,0.3333333333333333,happy
0.18,0.025,0.225,0.035,0.5349999999999999,fear
0.10222222222222223,0.042222222222222223,0.04777777777777778,0.19555555555555557,0.6133333333333333,fear
0.0,0.0,0.09,0.52,0.14,sad
0.0,0.0,0.0,0.3,0.7,fear
0.22333333333333336,0.0,0.16666666666666666,0.3333333333333333,0.27666666666666667,sad
0.0,0.06,0.305,0.07,0.56,fear
0.23,0.0,0.31,0.23,0.23,surprise
0.14,0.0,0.28500000000000003,0.2,0.375,fear
0.12,0.12,0.12,0.38,0.25,sad
0.0,0.0,0.0,1.0,0.0,sad
0.05,0.165,0.0,0.15,0.635,fear
0.0,0.0,0.29,0.14,0.57,fear
0.085,0.0,0.165,0.165,0.585,fear
0.035,0.07,0.095,0.22999999999999998,0.56,fear
0.12,0.0,0.06,0.12,0.7,fear
0.0,0.02666666666666667,0.08333333333333333,0.32666666666666666,0.5633333333333334,fear
0.0,0.0,0.0,0.14,0.86,fear
0.16,0.0,0.29000000000000004,0.16,0.39,fear
0.06,0.0,0.17,0.33,0.44,fear
0.12,0.0,0.16,0.24,0.48,fear
0.0,0.0,0.0,0.25,0.75,fear
0.0,0.0,0.0,0.0,1.0,fear
0.0,0.07,0.0,0.43,0.5,fear
0.08,0.0,0.38,0.15,0.38,surprise
0.29,0.0,0.14,0.0,0.57,fear
0.0,0.0,0.0,0.0,1.0,fear
0.06,0.0,0.06,0.15666666666666665,0.7233333333333333,fear
0.14,0.0,0.14,0.29,0.43,fear
0.03,0.03,0.34,0.21,0.39,fear
0.0,0.08,0.23,0.08,0.62,fear
0.03,0.06,0.27,0.21,0.42,fear
0.0,0.0,1.0,0.0,0.0,surprise
0.0925,0.0,0.0625,0.0475,0.7975,fear
0.17,0.0,0.11,0.22,0.5,fear
0.0,0.06,0.44,0.33,0.17,surprise
0.0,0.0,0.0,0.0,0.0,happy
0.14500000000000002,0.0,0.08499999999999999,0.22500000000000003,0.54,fear
0.07,0.17,0.21,0.24,0.31,fear
0.105,0.0,0.14500000000000002,0.355,0.39,fear
0.08,0.0,0.23,0.31,0.38,fear
0.0,0.0,0.0,0.0,0.0,happy
0.0,0.0,0.5,0.0,0.5,surprise
0.0,0.0,0.0,0.0,1.0,fear
0.2,0.0,0.2,0.2,0.4,fear
0.0,0.04,0.17,0.13,0.65,fear
0.0,0.33,0.33,0.33,0.0,angry
0.0,0.0,0.22,0.11,0.67,fear
0.17,0.08,0.08,0.42,0.25,sad
0.0,0.0,0.0,0.0,0.0,happy
0.2,0.0,0.07,0.2,0.53,fear
0.0,0.025,0.055,0.165,0.755,fear
0.15,0.0,0.15,0.23,0.46,fear
0.0,0.33,0.33,0.0,0.33,angry
0.0,0.0,0.24,0.19,0.57,fear
0.0,0.0,0.035,0.45,0.515,fear
0.11,0.11,0.37,0.32,0.11,surprise
0.0,0.0,0.0,0.0,0.0,happy
0.0,0.01,0.065,0.69,0.235,sad
0.13999999999999999,0.008,0.06200000000000001,0.079,0.6100000000000001,fear
0.0,0.12,0.25,0.25,0.38,fear
0.0,0.0,0.0,0.5,0.5,sad
0.11,0.11,0.05,0.21,0.53,fear
0.0,0.0,0.0,1.0,0.0,sad
0.09,0.0,0.18,0.45,0.27,sad
0.165,0.0,0.22,0.22,0.385,fear
0.0,0.0,0.0,0.0,1.0,fear
0.29,0.0,0.29,0.14,0.29,happy
0.0,0.0,0.29,0.18,0.53,fear
0.0,0.06666666666666667,0.13333333333333333,0.13333333333333333,0.6666666666666666,fear
0.0,0.0,0.0,0.0,1.0,fear
0.0,0.0,0.24333333333333332,0.17,0.25333333333333335,fear
0.0,0.0,0.0,0.43,0.57,fear
0.38,0.0,0.0,0.38,0.25,happy
0.0,0.0,0.33666666666666667,0.4033333333333333,0.26,sad
0.1,0.1,0.0,0.4,0.4,sad
0.0,0.0,1.0,0.0,0.0,surprise
0.2,0.02,0.17,0.22,0.39,fear
0.12,0.06,0.06,0.35,0.41,fear
0.12,0.03,0.09,0.38,0.38,sad
0.0,0.0,0.0,0.6,0.4,sad
0.0,0.0,0.14,0.43,0.43,sad
0.0,0.0,0.165,0.25,0.585,fear
0.0,0.0,0.22,0.11,0.67,fear
0.08,0.0,0.17,0.0,0.75,fear
0.0,0.0,0.0,0.56,0.44,sad
0.0,0.01,0.065,0.19,0.735,fear
0.0,0.0,0.0,0.0,0.0,happy
0.03,0.03,0.16,0.38,0.41,fear
0.165,0.01,0.23,0.3,0.29,sad
0.1,0.03,0.13,0.33,0.4,fear
0.0,0.0,0.0,0.33,0.67,fear
0.0,0.0,0.06,0.42,0.52,fear
0.4,0.2,0.2,0.2,0.0,happy
0.0,0.0,0.0,0.67,0.33,sad
0.0,0.0,0.0,0.67,0.33,sad
0.08,0.25,0.17,0.25,0.25,angry
0.145,0.07,0.07,0.145,0.5700000000000001,fear
0.14500000000000002,0.0,0.175,0.09,0.595,fear
0.0,0.0,0.0,0.5,0.5,sad
0.075,0.0,0.165,0.2,0.56,fear
0.0,0.0,0.16666666666666666,0.3133333333333333,0.52,fear
0.36,0.0,0.0,0.36,0.27,happy
0.13,0.03,0.175,0.28500000000000003,0.385,fear
0.135,0.045,0.20500000000000002,0.115,0.49,fear
0.14,0.0,0.07,0.29,0.5,fear
0.0,0.0,0.11,0.11,0.78,fear
0.09,0.04,0.14500000000000002,0.25,0.48,fear
0.0,0.0,0.0,0.5,0.5,sad
0.055714285714285716,0.02428571428571429,0.04,0.3885714285714286,0.2057142857142857,sad
0.08333333333333333,0.0,0.13833333333333334,0.15166666666666667,0.625,fear
0.0,0.012,0.012,0.158,0.418,fear
0.36,0.0,0.27,0.0,0.36,happy
0.36333333333333334,0.0,0.15,0.03,0.4533333333333333,fear
0.25,0.0,0.25,0.25,0.25,happy
0.0,0.0,0.0,0.67,0.33,sad
0.11000000000000001,0.04,0.195,0.15500000000000003,0.495,fear
0.0,0.07,0.145,0.0,0.7849999999999999,fear
0.0,0.0,0.4,0.0,0.6,fear
0.0,0.1,0.24,0.24,0.43,fear
0.0,0.0,0.1,0.6,0.3,sad
0.0,0.0,0.0,1.0,0.0,sad
0.145,0.09000000000000001,0.12,0.215,0.425,fear
0.0,0.0,0.25,0.0,0.75,fear
0.0,0.2,0.0,0.475,0.325,sad
0.0,1.0,0.0,0.0,0.0,angry
0.27,0.07,0.13,0.4,0.13,sad
0.09,0.0,0.27,0.36,0.27,sad
0.055,0.07,0.02,0.125,0.73,fear
0.0,0.12,0.12,0.38,0.38,sad
0.0,0.0,0.17,0.42,0.42,sad
0.065,0.0,0.135,0.145,0.655,fear
0.2,0.0,0.0,0.2,0.6,fear
0.0,0.0,0.09,0.36,0.55,fear
0.05,0.015,0.20500000000000002,0.2,0.53,fear
0.12,0.0,0.04,0.16,0.68,fear
0.12,0.12,0.62,0.0,0.12,surprise
0.0,0.0,0.5,0.0,0.5,surprise
0.0,0.0,0.0,0.4,0.6,fear
0.18,0.09,0.09,0.45,0.18,sad
0.0,0.0,0.4,0.4,0.2,surprise
0.0,0.13,0.33,0.13,0.4,fear
0.0,0.0,0.0,0.67,0.33,sad
0.0,0.25,0.25,0.25,0.25,angry
0.08,0.0,0.23,0.08,0.62,fear
0.0,0.12,0.12,0.38,0.38,sad
0.015555555555555557,0.03777777777777778,0.05,0.2411111111111111,0.4322222222222222,fear
0.0,0.0,0.0,0.5,0.5,sad
0.16666666666666666,0.05333333333333334,0.105,0.10833333333333334,0.39999999999999997,fear
0.09,0.13,0.17,0.13,0.48,fear
0.0,0.01916666666666667,0.105,0.305,0.5725,fear
0.33,0.0,0.0,0.33,0.33,happy
0.07,0.0,0.0,0.215,0.715,fear
0.05,0.05,0.05,0.0,0.85,fear
0.0,0.0,0.0,0.6,0.4,sad
0.07,0.0,0.0,0.165,0.765,fear
0.13,0.0,0.13,0.2,0.53,fear
0.04,0.0,0.29,0.12,0.54,fear
0.0,0.0,0.0,0.3,0.7,fear
0.33,0.0,0.0,0.67,0.0,sad
0.5,0.0,0.0,0.0,0.5,happy
0.08,0.01,0.115,0.235,0.06,sad
0.095,0.02,0.14,0.12000000000000001,0.63,fear
0.09,0.0,0.09,0.36,0.45,fear
0.08428571428571428,0.02,0.06857142857142857,0.22714285714285715,0.6,fear
0.08333333333333333,0.0,0.21666666666666667,0.08333333333333333,0.6166666666666667,fear
0.085,0.0,0.085,0.0,0.835,fear
0.166,0.06999999999999999,0.08600000000000001,0.39,0.286,sad
0.23,0.03,0.13,0.29,0.32,fear
0.2,0.0,0.4,0.0,0.4,surprise
0.06,0.0,0.06,0.25,0.62,fear
0.13,0.06,0.1,0.19,0.52,fear
0.0,0.0,0.2,0.0,0.8,fear
0.6,0.2,0.0,0.0,0.2,happy
0.06,0.0,0.22,0.5,0.22,sad
0.03333333333333333,0.013333333333333334,0.05333333333333334,0.049999999999999996,0.85,fear
0.0,0.0,0.0,0.0,1.0,fear
0.0,0.0,0.0,0.67,0.33,sad
0.08,0.0,0.12,0.44,0.36,sad
0.0,0.0,0.0,0.0,1.0,fear
0.125,0.345,0.025,0.33999999999999997,0.165,angry
0.0,0.0,0.0,0.0,1.0,fear
0.0,0.0,0.0,0.0,0.0,happy
0.07,0.05,0.05,0.47,0.37,sad
0.06,0.0,0.25,0.44,0.25,sad
0.17500000000000002,0.0,0.08499999999999999,0.305,0.425,fear
0.15,0.05,0.0,0.4,0.4,sad
0.0,0.0,0.33,0.33,0.33,surprise
0.0,0.0,0.0,0.0,0.0,happy
0.08,0.15,0.15,0.23,0.38,fear
0.33,0.0,0.0,0.33,0.33,happy
0.0,0.0,0.12,0.25,0.62,fear
0.035,0.01,0.075,0.16,0.725,fear
0.0,0.0,0.125,0.125,0.25,fear
0.0,0.0,0.0,0.5,0.5,sad
0.0,0.0,0.0,0.75,0.25,sad
0.23,0.08,0.38,0.0,0.31,surprise
0.125,0.1,0.2,0.45,0.125,sad
0.0,0.0,0.0,0.0,1.0,fear
0.67,0.0,0.0,0.33,0.0,happy
0.0,0.0,0.0,0.23,0.77,fear
0.14,0.0,0.24,0.29,0.33,fear
0.11,0.0,0.11,0.33,0.44,fear
0.23,0.0,0.05,0.23,0.5,fear
0.13,0.13,0.11,0.13,0.5,fear
0.03,0.055,0.06,0.275,0.575,fear
0.06,0.06,0.19,0.25,0.44,fear
0.035,0.075,0.1,0.425,0.37,sad
0.05,0.0,0.05,0.41500000000000004,0.485,fear
0.07333333333333335,0.22666666666666666,0.13999999999999999,0.13999999999999999,0.42333333333333334,fear
0.0,0.0,0.75,0.12,0.12,surprise
0.0,0.29,0.12,0.24,0.35,fear
0.0,0.25,0.0,0.38,0.38,sad
0.11,0.11,0.22,0.22,0.33,fear
0.07,0.02,0.29500000000000004,0.175,0.43500000000000005,fear
0.0,0.0,0.05,0.3,0.65,fear
0.0,0.0,0.0,0.0,1.0,fear
0.44,0.0,0.0,0.19,0.375,happy
0.0,0.0,0.25,0.0,0.75,fear
0.25,0.0,0.12,0.0,0.62,fear
0.17,0.17,0.0,0.33,0.33,sad
0.165,0.125,0.125,0.335,0.25,sad
0.0,0.0,0.0,0.25,0.75,fear
0.0,0.0,0.0,1.0,0.0,sad
0.125,0.0,0.0,0.0,0.375,fear
0.02666666666666667,0.08,0.17333333333333334,0.20333333333333334,0.52,fear
0.07,0.0,0.0,0.14,0.79,fear
0.0,0.0,0.21,0.36,0.43,fear
0.19,0.06,0.31,0.19,0.25,surprise
0.12,0.25,0.0,0.12,0.5,fear
0.1,0.0,0.05,0.21500000000000002,0.635,fear
0.145,0.0,0.07,0.07,0.715,fear
0.0,0.0,0.0,0.0,0.0,happy
0.0,0.0,0.5,0.0,0.5,surprise
0.11,0.04,0.15,0.21,0.49,fear
0.0,0.0,0.08,0.33,0.58,fear
0.0,0.0,0.10333333333333335,0.4366666666666667,0.45999999999999996,fear
0.0,0.06,0.0,0.35,0.59,fear
0.0,0.0,0.0,0.5,0.5,sad
0.04666666666666667,0.0,0.0,0.04666666666666667,0.9033333333333333,fear
0.07,0.07,0.1,0.215,0.545,fear
0.055,0.03,0.55,0.105,0.26,surprise
0.12,0.12,0.38,0.0,0.38,surprise
0.0,0.0,0.0,0.25,0.75,fear
0.0,0.0,0.25,0.0,0.75,fear
0.05,0.11,0.16,0.37,0.32,sad
0.05,0.14,0.18,0.36,0.27,sad
0.0,0.12,0.31,0.25,0.31,surprise
0.06,0.22,0.06,0.22,0.44,fear
0.0,0.0,0.38,0.06,0.56,fear
0.013333333333333334,0.043333333333333335,0.12,0.48333333333333334,0.3433333333333333,sad
0.18,0.055,0.0,0.055,0.71,fear
0.0,0.0,0.36,0.18,0.45,fear
0.054000000000000006,0.016,0.124,0.21800000000000003,0.5860000000000001,fear
0.27,0.0,0.18,0.09,0.45,fear
0.0,0.0,0.0,0.33,0.67,fear
0.05,0.05,0.1,0.43,0.38,sad
0.05,0.17,0.12,0.4,0.25,sad
0.1,0.04,0.06,0.2,0.61,fear
0.0,0.0,0.0,0.22,0.78,fear
0.0,0.0,0.0,0.18,0.82,fear
0.0,0.08,0.08,0.46,0.38,sad
0.07,0.0,0.0,0.21,0.71,fear
0.07,0.0,0.0,0.4,0.53,fear
0.0,0.0,0.0,0.0,1.0,fear
0.0,0.0,0.17,0.17,0.67,fear
0.05,0.02,0.14,0.33,0.45,fear
0.0,0.0,0.0,0.0,1.0,fear
0.12,0.12,0.12,0.38,0.25,sad
0.0,0.0,0.0,0.57,0.43,sad
0.08,0.0,0.15,0.31,0.46,fear
0.09,0.09,0.21,0.15,0.45,fear
0.2,0.0,0.0,0.2,0.6,fear
0.0,0.0,0.0,0.0,1.0,fear
0.06,0.0,0.045,0.135,0.26,fear
0.0,0.08,0.31,0.38,0.23,sad
0.0,0.06,0.19,0.54,0.21000000000000002,sad
0.04,0.02,0.1,0.22,0.63,fear
0.19,0.0,0.03,0.29,0.48,fear
0.0,0.0,0.0,0.61,0.39,sad
0.11,0.02,0.11,0.45,0.32,sad
0.19,0.12,0.06,0.38,0.25,sad
0.1,0.0,0.14,0.24,0.52,fear
0.0,0.0,0.0,0.0,0.0,happy
0.0,0.0,0.2,0.4,0.4,sad
0.19,0.06,0.31,0.19,0.25,surprise
0.33,0.0,0.0,0.0,0.67,fear
0.0,0.0,0.33,0.0,0.67,fear
0.0,0.14,0.29,0.14,0.43,fear
0.0,0.0,0.0,0.2,0.8,fear
0.12,0.0,0.12,0.62,0.12,sad
0.0,0.0,1.0,0.0,0.0,surprise
0.13,0.0,0.045,0.085,0.745,fear
0.0,0.0,0.0,0.4,0.6,fear
0.15,0.0,0.23,0.23,0.38,fear
0.0,0.0,0.0,0.0,0.0,happy
0.19,0.06,0.12,0.31,0.31,sad
0.25,0.0,0.0,0.5,0.25,sad
0.06,0.06,0.14,0.42,0.33,sad
0.5,0.0,0.0,0.0,0.5,happy
0.4,0.0,0.2,0.0,0.4,happy
0.0,0.0,0.0,0.0,1.0,fear
0.0,0.0,0.0,0.0,1.0,fear
0.33,0.0,0.0,0.33,0.33,happy
0.11,0.05,0.03,0.34,0.47,fear
0.0,0.0,0.0,0.33,0.67,fear
0.23,0.15,0.0,0.15,0.46,fear
0.0,0.0,0.2,0.2,0.6,fear
0.0,0.0,0.0,1.0,0.0,sad
0.145,0.0,0.22,0.29000000000000004,0.33999999999999997,fear
0.0,0.0,0.25,0.25,0.5,fear
0.0,0.0,0.0,0.0,1.0,fear
0.0,0.0,0.0,0.0,1.0,fear
0.18,0.0,0.06,0.18,0.59,fear
0.0,0.0,0.4,0.4,0.2,surprise
0.0,0.0,0.0,0.15,0.85,fear
0.0,0.05,0.29,0.24,0.43,fear
0.0,0.08,0.08,0.25,0.58,fear
0.1,0.03,0.03,0.265,0.5800000000000001,fear
0.11,0.11,0.22,0.11,0.44,fear
0.0,0.0,0.0,0.0,1.0,fear
0.15,0.0,0.15,0.31,0.38,fear
0.08,0.17,0.08,0.5,0.17,sad
0.02,0.02,0.07,0.17,0.71,fear
0.06,0.0,0.06,0.24,0.65,fear
0.0,0.0,0.0,0.0,1.0,fear
0.0,0.0,0.0,0.0,1.0,fear
0.0,0.18,0.06,0.29,0.47,fear
0.085,0.05,0.065,0.23,0.5700000000000001,fear
0.08,0.12,0.08,0.19,0.54,fear
0.0,0.11,0.33,0.22,0.33,surprise
0.0,0.05,0.0,0.47,0.47,sad
0.0,0.0,0.38,0.25,0.38,surprise
0.07,0.0,0.0,0.145,0.285,fear
0.06,0.0,0.25,0.06,0.625,fear
0.0,0.0,0.33,0.67,0.0,sad
0.0,0.0,0.29,0.29,0.43,fear
0.17500000000000002,0.0033333333333333335,0.045000000000000005,0.20666666666666667,0.23666666666666666,fear
0.08,0.08,0.15,0.08,0.62,fear
0.09,0.09,0.14,0.32,0.36,fear
0.0,0.0,0.125,0.125,0.75,fear
0.0,0.0,0.15500000000000003,0.07,0.77,fear
0.0,0.0,0.0,0.75,0.25,sad
0.07,0.04,0.04,0.3,0.56,fear
0.0,0.0,0.37,0.26,0.37,surprise
0.0,0.0,0.0,0.0,0.0,happy
0.0,0.145,0.07,0.41000000000000003,0.38,sad
0.0,0.0,0.17,0.3,0.52,fear
0.0,0.05,0.0,0.19,0.76,fear
0.15,0.0,0.08,0.23,0.54,fear
0.5,0.0,0.0,0.0,0.5,happy
0.13,0.0,0.0,0.27,0.6,fear
0.0,0.05,0.21,0.26,0.47,fear
0.0,0.4,0.0,0.6,0.0,sad
0.05,0.05,0.0,0.15,0.75,fear
0.08,0.05,0.085,0.26,0.525,fear
0.0,0.0,0.25,0.165,0.585,fear
0.0,0.0,0.0,0.5,0.5,sad
0.0,0.0,0.04,0.74,0.22,sad
0.08,0.0,0.08,0.58,0.25,sad
0.0,0.06,0.0,0.29,0.65,fear
0.17,0.17,0.0,0.67,0.0,sad
0.0,0.035,0.165,0.365,0.435,fear
0.0,0.0,0.06,0.12,0.825,fear
0.18,0.0,0.09,0.09,0.64,fear
0.05,0.05,0.16,0.1,0.64,fear
0.0,0.0,0.08,0.17,0.75,fear
0.065,0.025,0.05125,0.10875,0.4962500000000001,fear
0.0,0.0,0.0,0.33,0.67,fear
0.14,0.0,0.0,0.14,0.71,fear
0.12,0.0,0.12,0.25,0.5,fear
0.0,0.0,0.17,0.25,0.58,fear
0.12,0.12,0.12,0.12,0.5,fear
0.5,0.0,0.0,0.0,0.5,happy
0.0,0.0,0.0,0.25,0.75,fear
0.045,0.0,0.045,0.135,0.275,fear
0.16,0.03,0.13,0.19,0.48,fear
0.0,0.0,0.33,0.33,0.33,surprise
0.24,0.0,0.18,0.06,0.53,fear
0.0,0.0,0.0,1.0,0.0,sad
0.11,0.05,0.05,0.32,0.47,fear
0.0,0.0,0.11,0.0,0.89,fear
0.0,0.29,0.0,0.29,0.43,fear
0.2,0.0,0.2,0.2,0.4,fear
0.11,0.0,0.0,0.22,0.67,fear
0.06,0.165,0.21000000000000002,0.14,0.41500000000000004,fear
0.11,0.0,0.175,0.255,0.45999999999999996,fear
0.19,0.12,0.25,0.12,0.31,fear
0.0,0.09,0.09,0.09,0.73,fear
0.07,0.1,0.05,0.17,0.62,fear
0.12,0.08,0.08,0.21,0.5,fear
0.0,0.0,1.0,0.0,0.0,surprise
0.1,0.0,0.2,0.1,0.6,fear
0.5,0.0,0.0,0.5,0.0,happy
1.0,0.0,0.0,0.0,0.0,happy
0.035,0.0,0.035,0.145,0.7849999999999999,fear
0.0,0.0,0.0,0.67,0.33,sad
0.0,0.0,0.165,0.25,0.585,fear
0.0,0.0,0.33,0.17,0.5,fear
0.0,0.0,0.0,1.0,0.0,sad
0.0,0.0,0.0,0.43,0.57,fear
0.105,0.06,0.22,0.2,0.41,fear
0.0,0.0,0.5,0.25,0.25,surprise
0.0,0.0,0.0,0.33,0.67,fear
0.08,0.08,0.31,0.38,0.15,sad
0.09,0.09,0.18,0.18,0.45,fear
0.0,0.0,0.0,0.0,1.0,fear
0.0,0.0,0.29,0.57,0.14,sad
0.1,0.125,0.325,0.125,0.325,surprise
0.14,0.14,0.14,0.14,0.43,fear
0.06,0.0,0.12,0.19,0.62,fear
0.14,0.0,0.0,0.14,0.71,fear
0.07,0.02,0.14,0.33,0.44,fear
0.0,0.265,0.21500000000000002,0.235,0.28500000000000003,fear
0.12,0.12,0.0,0.25,0.5,fear
0.15,0.0,0.31,0.08,0.46,fear
0.12,0.02,0.065,0.18000000000000002,0.61,fear
0.07,0.14,0.0,0.43,0.36,sad
0.0,0.17,0.0,0.17,0.67,fear
0.29357142857142854,0.0,0.04785714285714286,0.22142857142857145,0.22214285714285714,happy
0.1,0.035,0.085,0.32499999999999996,0.45499999999999996,fear
0.25,0.0,0.0,0.25,0.5,fear
0.07,0.04,0.29,0.36,0.25,sad
0.0,0.0,0.09,0.09,0.82,fear
0.09,0.09,0.27,0.09,0.45,fear
0.25,0.0,0.0,0.0,0.75,fear
0.0,0.0,0.5,0.165,0.335,surprise
0.18,0.09,0.09,0.27,0.36,fear
0.09,0.0,0.09,0.18,0.64,fear
0.07,0.1,0.03,0.24,0.55,fear
0.0,0.0,0.0,0.67,0.33,sad
0.31,0.0,0.23,0.23,0.23,happy
0.03,0.0625,0.07250000000000001,0.495,0.3375,sad
0.085,0.0,0.0,0.25,0.665,fear
0.09,0.05,0.09,0.27,0.5,fear
0.565,0.0125,0.060000000000000005,0.1525,0.21,happy
0.11,0.0,0.26,0.37,0.26,sad
0.0,0.0,0.25,0.0,0.75,fear
0.05,0.05,0.05,0.26,0.58,fear
0.0,0.25,0.0,0.25,0.5,fear
0.25,0.0,0.0,0.25,0.5,fear
0.07,0.07,0.07,0.43,0.36,sad
0.1,0.1,0.2,0.0,0.6,fear
0.0,0.0,0.0,0.0,1.0,fear
0.1,0.015,0.12000000000000001,0.385,0.38,sad
0.095,0.0,0.095,0.22,0.595,fear
0.0,0.1,0.1,0.0,0.8,fear
0.0,0.0,0.0,0.0,1.0,fear
0.33,0.02,0.13,0.22,0.29,happy
0.0,0.0,0.0,0.085,0.915,fear
0.06,0.03,0.18,0.15,0.58,fear
0.0,0.07,0.5,0.21,0.21,surprise
0.0,0.0,0.0,0.0,1.0,fear
0.08,0.03,0.03,0.36,0.5,fear
0.0,0.0,0.0,0.5,0.5,sad
0.22333333333333336,0.0,0.04,0.45999999999999996,0.27666666666666667,sad
0.22,0.0,0.22,0.11,0.44,fear
0.14,0.0,0.14,0.29,0.43,fear
0.0,0.33,0.0,0.33,0.33,angry
0.0,0.0,0.25,0.5,0.25,sad
0.55,0.0,0.0,0.2,0.25,happy
0.25,0.10250000000000001,0.0375,0.0575,0.5525,fear
0.29000000000000004,0.0,0.1,0.49,0.125,sad
0.0,0.25,0.0,0.0,0.25,angry
0.08,0.08,0.08,0.31,0.46,fear
0.0,0.0,0.25,0.25,0.5,fear
0.04,0.0,0.04,0.12,0.7949999999999999,fear
0.43,0.0,0.09,0.17,0.3,happy
0.0275,0.0,0.0925,0.34,0.5425,fear
0.0,0.5,0.0,0.5,0.0,angry
0.2,0.0,0.1,0.4,0.30000000000000004,sad
0.064,0.098,0.156,0.184,0.496,fear
0.0,0.0,0.08,0.58,0.33,sad
0.07,0.11,0.14,0.21,0.46,fear
0.15,0.15,0.23,0.08,0.38,fear
0.0,0.33,0.0,0.17,0.5,fear
0.06,0.06,0.23,0.29,0.35,fear
0.125,0.08750000000000001,0.0375,0.21,0.5375,fear
0.05,0.0,0.15,0.35,0.45,fear
0.07,0.13,0.07,0.33,0.4,fear
0.22333333333333336,0.006666666666666667,0.043333333333333335,0.29333333333333333,0.43333333333333335,fear
0.25,0.25,0.0,0.0,0.5,fear
0.0,0.0,0.06,0.125,0.31,fear
0.0,0.0,0.0,0.0,1.0,fear
0.16,0.16,0.08,0.28,0.32,fear
0.0,0.0,0.0,0.0,1.0,fear
0.09000000000000001,0.0,0.14,0.25333333333333335,0.5133333333333333,fear
0.049999999999999996,0.0375,0.055,0.19,0.6625000000000001,fear
0.0,0.0,0.17,0.5,0.33,sad
0.0,0.0,0.2,0.3,0.5,fear
0.07,0.0,0.07,0.36,0.5,fear
0.0,0.2,0.2,0.0,0.6,fear
0.215,0.07,0.215,0.07,0.42999999999999994,fear
0.0,0.0,0.0,0.0,1.0,fear
0.17,0.0,0.17,0.5,0.17,sad
0.0,0.0,0.0,0.0,1.0,fear
0.08,0.17,0.08,0.33,0.33,sad
0.21,0.11,0.16,0.21,0.32,fear
0.17,0.17,0.17,0.17,0.33,fear
0.11,0.0,0.26,0.21,0.42,fear
0.1,0.135,0.06,0.305,0.4,fear
0.0,0.04,0.395,0.115,0.45,fear
0.43,0.29,0.14,0.14,0.0,happy
0.07,0.1,0.2,0.23,0.4,fear
0.125,0.0,0.19,0.125,0.565,fear
0.0,0.0,0.1,0.4,0.5,fear
0.0,0.16,0.22,0.38,0.24,sad
0.27,0.0,0.18,0.36,0.18,sad
0.06,0.0,0.12,0.38,0.44,fear
0.0,0.0,0.25,0.5,0.25,sad
0.0,0.305,0.055,0.47,0.165,sad
0.0,0.0,0.0,0.14333333333333334,0.18999999999999997,fear
0.165,0.0,0.0,0.0,0.335,fear
0.06666666666666667,0.04666666666666667,0.09666666666666666,0.41999999999999993,0.37333333333333335,sad
0.05,0.1,0.1,0.3,0.45,fear
0.045,0.03,0.14,0.41000000000000003,0.38,sad
0.0,0.0,0.0,0.0,1.0,fear
0.15,0.0,0.0,0.38,0.46,fear
0.0,0.0,0.2,0.6,0.2,sad
0.0,0.2,0.2,0.2,0.4,fear
0.025,0.095,0.09125,0.45500000000000007,0.3325,sad
0.0,0.195,0.06,0.32,0.415,fear
0.04,0.02,0.085,0.665,0.19,sad
0.25,0.0,0.0,0.25,0.5,fear
0.45,0.1,0.0,0.35,0.1,happy
0.1,0.0,0.0,0.7,0.2,sad
0.0,0.0,0.665,0.165,0.165,surprise
0.21,0.07,0.07,0.36,0.29,sad
0.06,0.06,0.12,0.06,0.71,fear
0.08,0.08,0.17,0.42,0.25,sad
0.33,0.0,0.08,0.25,0.33,happy
0.04,0.02,0.17,0.2,0.57,fear
0.125,0.11,0.07,0.215,0.48,fear
0.75,0.0,0.25,0.0,0.0,happy
0.18,0.0175,0.2025,0.34750000000000003,0.25250000000000006,sad
0.0,0.0,0.0,0.5,0.5,sad
0.535,0.02,0.075,0.095,0.28,happy
0.21,0.0,0.29,0.29,0.21,surprise
0.04,0.04,0.04,0.36,0.52,fear
0.0,0.0,0.0,0.0,1.0,fear
0.0,0.0,0.0,0.0,0.0,happy
0.0,0.0,0.0,0.0,0.0,happy
0.12,0.12,0.18,0.24,0.35,fear
0.0,0.22,0.0,0.11,0.67,fear
0.27,0.09,0.0,0.27,0.36,fear
0.05,0.0,0.1,0.24,0.62,fear
0.0,0.0,0.2,0.3,0.5,fear
0.12,0.0,0.0,0.12,0.75,fear
0.12,0.04,0.02,0.39,0.44,fear
0.44,0.11,0.11,0.0,0.33,happy
0.33,0.17,0.0,0.5,0.0,sad
0.04,0.12,0.12,0.21,0.5,fear
0.25,0.2,0.1,0.2,0.25,happy
0.04,0.0,0.075,0.155,0.73,fear
0.0,0.0,0.06,0.25,0.69,fear
0.0,0.055,0.1,0.42000000000000004,0.42000000000000004,sad
0.12,0.0,0.12,0.38,0.38,sad
0.0,0.05,0.2,0.28,0.47,fear
0.055,0.0,0.055,0.275,0.615,fear
0.0,0.06,0.0,0.19,0.75,fear
0.0,0.0,0.12,0.0,0.88,fear
0.08,0.03,0.21,0.08,0.61,fear
0.17,0.0,0.33,0.33,0.17,surprise
0.06,0.11499999999999999,0.15,0.14500000000000002,0.53,fear
0.04,0.0,0.11,0.26,0.59,fear
0.12,0.0,0.0,0.12,0.75,fear
0.0,0.0,0.0,0.5,0.5,sad
0.0,0.0,0.0,0.67,0.33,sad
0.0,0.0,0.0,0.0,0.0,happy
0.0,0.0,0.0,0.0,1.0,fear
0.23,0.0,0.08,0.23,0.46,fear
0.06,0.0,0.19,0.38,0.38,sad
0.0,0.0,1.0,0.0,0.0,surprise
0.0,0.0,0.14,0.14,0.71,fear
0.195,0.0,0.06,0.225,0.52,fear
0.29,0.0,0.14,0.14,0.43,fear
0.0,0.0,0.67,0.0,0.33,surprise
0.12,0.0,0.12,0.38,0.38,sad
0.0,0.0,0.38,0.0,0.62,fear
0.04,0.12,0.19,0.19,0.46,fear
0.0,0.0,0.0,0.44,0.56,fear
0.2,0.2,0.2,0.0,0.4,fear
0.0,0.33,0.0,0.33,0.33,angry
0.07500000000000001,0.025,0.035,0.22,0.655,fear
0.12,0.09,0.12,0.22,0.44,fear
0.08,0.15,0.15,0.38,0.23,sad
0.0,0.05,0.15,0.21,0.59,fear
0.0,0.0,0.0,0.5,0.0,sad
0.2,0.13,0.13,0.27,0.27,sad
0.0,0.0,0.0,0.0,1.0,fear
0.0,0.0,0.43,0.14,0.43,surprise
0.2,0.0,0.0,0.33,0.47,fear
0.06,0.0,0.0,0.19,0.75,fear
0.0,0.0,0.0,0.67,0.33,sad
0.0,0.0,0.0,0.33,0.67,fear
0.12,0.0,0.12,0.24,0.53,fear
0.12,0.06,0.29,0.18,0.35,fear
0.0,0.0,0.165,0.0,0.835,fear
0.15,0.0,0.0,0.15,0.69,fear
0.11,0.0,0.22,0.22,0.44,fear
0.12,0.04,0.17,0.29,0.38,fear
0.0,0.0,0.0,1.0,0.0,sad
0.0,0.0,0.0,0.5,0.5,sad
0.0,0.0,0.25,0.25,0.5,fear
0.0,0.01,0.565,0.19,0.235,surprise
0.0,0.0,0.13,0.33,0.53,fear
0.06,0.01,0.19,0.38,0.36,sad
0.0,0.0,0.25,0.25,0.5,fear
0.0,0.0,0.25,0.0,0.75,fear
0.0,0.0,0.0,0.67,0.33,sad
0.12,0.25,0.25,0.12,0.25,angry
0.07,0.0,0.0,0.145,0.7849999999999999,fear
0.05,0.06,0.06,0.225,0.6,fear
0.12,0.0,0.33,0.21,0.33,surprise
0.29,0.08,0.04,0.12,0.46,fear
0.06,0.18,0.06,0.29,0.41,fear
0.0,0.0,0.0,0.25,0.25,sad
0.15,0.0,0.15,0.38,0.31,sad
0.0,0.0,0.0,0.5,0.5,sad
0.3,0.025,0.05,0.19,0.44,fear
0.0,0.12,0.0,0.12,0.75,fear
0.22,0.1075,0.125,0.18000000000000002,0.365,fear
0.0,0.33,0.0,0.0,0.67,fear
0.09,0.09,0.18,0.09,0.55,fear
0.14,0.05,0.14,0.18,0.5,fear
0.19,0.045,0.07,0.32,0.375,fear
0.0,0.11,0.11,0.22,0.56,fear
0.0,0.0,0.0,0.43,0.57,fear
0.04,0.02,0.21,0.33,0.4,fear
0.05,0.0,0.08,0.58,0.29,sad
0.0275,0.01,0.1075,0.075,0.7775,fear
0.0,0.0,0.0,0.74,0.26,sad
0.06,0.02,0.13,0.27,0.52,fear
0.0,0.0,0.18,0.36,0.45,fear
0.07,0.0,0.21,0.57,0.14,sad
0.5,0.0,0.0,0.0,0.5,happy
0.03,0.03,0.12,0.18,0.65,fear
0.21,0.03,0.15,0.15,0.46,fear
0.5,0.0,0.0,0.0,0.5,happy
0.1,0.2,0.5,0.0,0.2,surprise
0.0,0.25,0.5,0.0,0.25,surprise
0.0,0.0,0.0,0.33,0.67,fear
0.18,0.0,0.18,0.27,0.36,fear
0.0,0.33,0.0,0.33,0.33,angry
0.21,0.0,0.05,0.37,0.37,sad
0.0,0.0,0.0,0.18,0.82,fear
0.15,0.0,0.15,0.31,0.38,fear
0.045,0.0,0.225,0.09,0.635,fear
0.3,0.1,0.1,0.0,0.5,fear
0.0,0.0,0.0,0.375,0.625,fear
0.04,0.02,0.1,0.52,0.31,sad
0.0,0.0,0.22,0.67,0.11,sad
0.0,0.0,0.0,0.265,0.7350000000000001,fear
0.0,0.09000000000000001,0.023333333333333334,0.043333333333333335,0.8433333333333333,fear
0.0,0.33,0.0,0.33,0.33,angry
0.0,0.08,0.17,0.17,0.58,fear
0.11,0.11,0.17,0.11,0.5,fear
0.055,0.055,0.18,0.275,0.44,fear
0.12,0.0,0.09,0.16,0.62,fear
0.0,0.12,0.12,0.38,0.38,sad
0.0,0.0,0.11,0.33,0.56,fear
0.0,0.2,0.0,0.2,0.6,fear
0.0,0.25,0.055,0.16,0.54,fear
0.0,0.0,0.2,0.2,0.6,fear
0.0,0.0,0.0,0.14,0.86,fear
0.09,0.0,0.09,0.23,0.58,fear
0.0,0.0,0.11,0.11,0.79,fear
0.0,0.0,0.25,0.25,0.5,fear
0.0,0.0,0.06,0.44,0.5,fear
0.0,0.0,0.0,0.6,0.4,sad
0.17,0.08,0.17,0.25,0.33,fear
0.0,0.05,0.0,0.2,0.75,fear
0.67,0.0,0.0,0.0,0.33,happy
0.0,0.0,0.0,0.25,0.75,fear
0.11,0.0,0.07,0.41,0.41,sad
0.13,0.07,0.0,0.2,0.6,fear
0.17,0.11,0.0,0.22,0.5,fear
0.18,0.06,0.29,0.18,0.29,surprise
0.14,0.1,0.05,0.1,0.62,fear
0.06,0.0,0.12,0.47,0.35,sad
0.0,0.0,0.0,1.0,0.0,sad
0.14,0.0,0.14,0.43,0.29,sad
0.17,0.17,0.5,0.0,0.17,surprise
0.02,0.22,0.28,0.09,0.39,fear
0.08,0.02,0.19,0.35,0.35,sad
0.5,0.0,0.0,0.25,0.25,happy
0.0,0.0,0.0,0.0,1.0,fear
0.07,0.0,0.07,0.36,0.5,fear
0.0,0.0,0.0,0.0,1.0,fear
0.165,0.0,0.165,0.25,0.41500000000000004,fear
0.14,0.07,0.07,0.14,0.57,fear
0.0,0.0,0.0,0.0,0.0,happy
0.0,0.03,0.26,0.55,0.16,sad
0.0,0.0,0.1,0.435,0.465,fear
0.2,0.0,0.0,0.4,0.4,sad
0.0,0.0,0.43,0.29,0.29,surprise
0.105,0.04,0.135,0.32,0.395,fear
0.0,0.0,0.25,0.0,0.75,fear
0.0,0.0,0.29,0.43,0.29,sad
0.0,0.22,0.11,0.22,0.44,fear
0.14500000000000002,0.0425,0.1525,0.0675,0.5924999999999999,fear
0.08,0.0,0.08,0.46,0.38,sad
0.0,0.1,0.23,0.1,0.575,fear
0.23,0.14,0.05,0.23,0.36,fear
0.0,0.0,0.0,0.46,0.54,fear
0.14,0.07,0.18,0.36,0.25,sad
0.0,0.0,0.0,0.0,1.0,fear
0.0,0.09,0.27,0.18,0.45,fear
0.0,0.0,0.0,0.0,0.0,happy
0.11333333333333333,0.07,0.08333333333333333,0.21,0.52,fear
0.11,0.03,0.13,0.16,0.58,fear
0.08,0.0,0.0,0.46,0.46,sad
0.0,0.0,0.0,0.0,0.0,happy
0.14500000000000002,0.015,0.0475,0.3175,0.47000000000000003,fear
0.0,0.0,0.05,0.315,0.635,fear
0.20500000000000002,0.03,0.045,0.355,0.36,fear
0.11666666666666665,0.08666666666666667,0.08,0.4366666666666667,0.27666666666666667,sad
0.165,0.0,0.345,0.25,0.23500000000000001,surprise
0.025,0.0,0.205,0.35,0.42,fear
0.25,0.0,0.25,0.0,0.5,fear
0.0,0.0,0.25,0.5,0.25,sad
